User_ID,Age,Gender,Location,Income,Interests,Last_Login_Days_Ago,Purchase_Frequency,Average_Order_Value,Total_Spending,Product_Category_Preference,Time_Spent_on_Site_Minutes,Pages_Viewed,Newsletter_Subscription,Age_Category
#1,56,Male,Suburban,38037.0,Sports,5,7,18.0,2546.0,Books,584,38,True,55-64 Tahun
#2,46,Female,Rural,103986.0,Technology,15,7,118.0,320.0,Electronics,432,40,False,45-54 Tahun
#3,32,Female,Suburban,101942.0,Sports,28,1,146.0,3766.0,Apparel,306,1,True,25-34 Tahun
#4,60,Female,Suburban,71612.0,Fashion,18,3,163.0,4377.0,Apparel,527,29,False,55-64 Tahun
#5,25,Male,Suburban,49725.0,Travel,2,5,141.0,4502.0,Health & Beauty,53,10,True,25-34 Tahun
#6,38,Male,Suburban,25926.0,Travel,22,8,25.0,2669.0,Books,520,28,False,35-44 Tahun
#7,56,Male,Urban,124555.0,Fashion,11,7,152.0,1113.0,Home & Kitchen,330,31,True,55-64 Tahun
#8,36,Male,Urban,29496.0,Technology,26,7,108.0,2151.0,Apparel,558,19,True,35-44 Tahun
#9,40,Male,Rural,76447.0,Travel,25,6,130.0,4085.0,Books,325,3,True,35-44 Tahun
#10,28,Male,Urban,121604.0,Food,13,8,61.0,4999.0,Electronics,114,36,False,25-34 Tahun
#11,28,Male,Urban,49806.0,Travel,4,1,78.0,4410.0,Health & Beauty,147,43,True,25-34 Tahun
#12,41,Male,Rural,108199.0,Food,22,2,14.0,3119.0,Electronics,166,15,False,35-44 Tahun
#13,53,Female,Rural,61321.0,Fashion,7,9,29.0,3781.0,Apparel,379,33,True,45-54 Tahun
#14,57,Female,Rural,142041.0,Fashion,29,7,88.0,1543.0,Apparel,139,41,True,55-64 Tahun
#15,41,Male,Urban,122031.0,Travel,11,5,155.0,4296.0,Electronics,299,43,False,35-44 Tahun
#16,20,Male,Urban,85095.0,Sports,22,9,120.0,3110.0,Apparel,276,45,True,18-24 Tahun
#17,39,Female,Rural,42656.0,Food,24,8,11.0,672.0,Books,178,26,False,35-44 Tahun
#18,19,Male,Suburban,75147.0,Technology,4,9,102.0,1432.0,Apparel,354,16,False,18-24 Tahun
#19,41,Male,Rural,111396.0,Travel,28,3,22.0,4853.0,Health & Beauty,154,36,False,35-44 Tahun
#20,61,Male,Suburban,69666.0,Technology,15,7,13.0,4102.0,Books,201,33,False,55-64 Tahun
#21,47,Female,Suburban,102368.0,Travel,1,9,179.0,3234.0,Home & Kitchen,115,20,True,45-54 Tahun
#22,55,Female,Rural,58787.0,Sports,23,2,118.0,4186.0,Apparel,554,13,True,55-64 Tahun
#23,19,Female,Rural,133767.0,Sports,3,2,83.0,325.0,Apparel,68,33,False,18-24 Tahun
#24,38,Female,Rural,82946.0,Sports,14,7,198.0,4300.0,Health & Beauty,445,5,True,35-44 Tahun
#25,50,Female,Urban,41727.0,Sports,6,4,104.0,2097.0,Health & Beauty,445,37,True,45-54 Tahun
#26,29,Male,Suburban,128351.0,Fashion,18,2,114.0,871.0,Electronics,326,14,False,25-34 Tahun
#27,39,Female,Urban,115081.0,Fashion,25,9,17.0,4624.0,Electronics,359,27,True,35-44 Tahun
#28,61,Male,Urban,142721.0,Food,1,0,76.0,533.0,Electronics,145,23,False,55-64 Tahun
#29,42,Male,Rural,130058.0,Technology,6,2,119.0,3199.0,Health & Beauty,275,14,True,35-44 Tahun
#30,44,Female,Urban,88056.0,Travel,6,8,18.0,2829.0,Electronics,509,40,True,35-44 Tahun
#31,59,Female,Rural,23081.0,Travel,21,4,126.0,3507.0,Electronics,179,4,False,55-64 Tahun
#32,45,Male,Suburban,54196.0,Fashion,16,9,20.0,3240.0,Home & Kitchen,477,39,True,45-54 Tahun
#33,33,Male,Rural,56735.0,Travel,29,1,108.0,965.0,Electronics,414,19,True,25-34 Tahun
#34,32,Male,Urban,124749.0,Fashion,5,6,51.0,2893.0,Apparel,153,47,False,25-34 Tahun
#35,64,Female,Urban,100102.0,Food,17,1,150.0,3011.0,Health & Beauty,104,4,True,55-64 Tahun
#36,61,Female,Rural,99578.0,Technology,10,3,173.0,2515.0,Books,75,30,False,55-64 Tahun
#37,20,Female,Rural,45498.0,Food,28,6,129.0,350.0,Home & Kitchen,128,19,True,18-24 Tahun
#38,54,Female,Urban,96865.0,Sports,21,3,150.0,3857.0,Health & Beauty,568,31,False,45-54 Tahun
#39,24,Female,Suburban,51656.0,Sports,18,6,21.0,4756.0,Health & Beauty,345,31,False,18-24 Tahun
#40,38,Male,Suburban,87695.0,Sports,7,6,46.0,1018.0,Apparel,531,9,False,35-44 Tahun
#41,26,Female,Rural,57900.0,Food,3,0,83.0,1273.0,Electronics,159,13,False,25-34 Tahun
#42,56,Male,Suburban,148392.0,Travel,13,5,82.0,3303.0,Apparel,538,14,False,55-64 Tahun
#43,35,Male,Urban,137235.0,Technology,15,8,61.0,532.0,Electronics,426,46,True,35-44 Tahun
#44,21,Male,Rural,104899.0,Sports,20,1,139.0,935.0,Electronics,23,10,True,18-24 Tahun
#45,42,Female,Urban,67701.0,Sports,19,2,65.0,2346.0,Health & Beauty,47,48,False,35-44 Tahun
#46,31,Female,Urban,128777.0,Sports,3,9,69.0,2362.0,Electronics,525,31,True,25-34 Tahun
#47,26,Female,Suburban,39033.0,Technology,4,4,32.0,997.0,Home & Kitchen,144,37,False,25-34 Tahun
#48,43,Male,Rural,143193.0,Sports,5,8,112.0,3732.0,Home & Kitchen,585,23,True,35-44 Tahun
#49,19,Male,Rural,30805.0,Technology,1,3,49.0,4667.0,Home & Kitchen,589,27,True,18-24 Tahun
#50,37,Male,Suburban,55851.0,Sports,4,0,73.0,3915.0,Health & Beauty,419,6,False,35-44 Tahun
#51,45,Male,Urban,46832.0,Food,12,3,94.0,346.0,Apparel,85,26,False,45-54 Tahun
#52,64,Male,Urban,83437.0,Food,28,5,160.0,2529.0,Books,416,2,True,55-64 Tahun
#53,24,Male,Urban,135725.0,Technology,27,4,166.0,1090.0,Electronics,482,45,True,18-24 Tahun
#54,61,Female,Urban,33944.0,Food,24,0,188.0,3410.0,Books,456,13,False,55-64 Tahun
#55,25,Female,Rural,39873.0,Technology,10,3,98.0,1026.0,Apparel,297,19,True,25-34 Tahun
#56,64,Female,Rural,60372.0,Food,23,5,40.0,3538.0,Apparel,112,1,True,55-64 Tahun
#57,52,Female,Suburban,109464.0,Food,25,9,187.0,2707.0,Health & Beauty,230,40,False,45-54 Tahun
#58,31,Male,Suburban,35379.0,Technology,21,9,29.0,1174.0,Home & Kitchen,96,32,True,25-34 Tahun
#59,34,Male,Rural,137322.0,Travel,29,3,192.0,4122.0,Home & Kitchen,378,22,False,25-34 Tahun
#60,53,Female,Rural,56751.0,Food,26,8,139.0,3899.0,Apparel,156,48,False,45-54 Tahun
#61,57,Male,Urban,120082.0,Sports,20,4,162.0,4884.0,Health & Beauty,421,29,False,55-64 Tahun
#62,21,Female,Urban,109822.0,Travel,24,7,22.0,3251.0,Health & Beauty,105,2,True,18-24 Tahun
#63,19,Female,Suburban,25110.0,Technology,25,8,131.0,3538.0,Electronics,330,40,True,18-24 Tahun
#64,23,Female,Rural,74341.0,Travel,13,9,112.0,4673.0,Home & Kitchen,439,38,False,18-24 Tahun
#65,59,Male,Suburban,32087.0,Fashion,23,4,115.0,3591.0,Apparel,132,48,False,55-64 Tahun
#66,21,Female,Rural,43762.0,Fashion,14,5,128.0,806.0,Books,382,11,True,18-24 Tahun
#67,46,Female,Urban,135812.0,Food,23,0,79.0,3164.0,Home & Kitchen,138,17,True,45-54 Tahun
#68,35,Female,Suburban,102617.0,Food,5,6,195.0,853.0,Electronics,270,43,True,35-44 Tahun
#69,43,Male,Suburban,120483.0,Sports,4,3,108.0,687.0,Health & Beauty,550,8,False,35-44 Tahun
#70,61,Male,Rural,29596.0,Travel,14,1,91.0,1434.0,Apparel,396,22,False,55-64 Tahun
#71,51,Female,Urban,123555.0,Fashion,10,4,84.0,1947.0,Home & Kitchen,557,4,True,45-54 Tahun
#72,27,Male,Suburban,127539.0,Food,17,2,127.0,4034.0,Books,464,11,True,25-34 Tahun
#73,53,Male,Urban,38313.0,Travel,10,5,93.0,4026.0,Electronics,450,8,True,45-54 Tahun
#74,31,Male,Suburban,133175.0,Food,26,7,78.0,3417.0,Electronics,331,9,False,25-34 Tahun
#75,48,Male,Urban,86549.0,Food,7,6,68.0,4120.0,Home & Kitchen,253,26,False,45-54 Tahun
#76,32,Male,Rural,134914.0,Fashion,16,2,197.0,3255.0,Books,285,2,True,25-34 Tahun
#77,25,Male,Suburban,43705.0,Fashion,1,7,135.0,4402.0,Electronics,274,16,True,25-34 Tahun
#78,31,Male,Suburban,87364.0,Food,17,1,120.0,2298.0,Apparel,20,31,False,25-34 Tahun
#79,40,Male,Urban,93445.0,Technology,21,9,71.0,264.0,Electronics,239,6,False,35-44 Tahun
#80,57,Male,Urban,123892.0,Food,29,8,153.0,2098.0,Books,270,21,True,55-64 Tahun
#81,38,Male,Suburban,98645.0,Food,9,3,137.0,3157.0,Health & Beauty,418,26,True,35-44 Tahun
#82,33,Female,Rural,22023.0,Sports,6,0,114.0,2184.0,Health & Beauty,310,19,True,25-34 Tahun
#83,62,Female,Urban,139654.0,Sports,19,7,77.0,4528.0,Home & Kitchen,31,28,False,55-64 Tahun
#84,35,Male,Urban,79796.0,Sports,13,6,24.0,502.0,Books,104,8,True,35-44 Tahun
#85,64,Female,Urban,100073.0,Technology,3,4,192.0,513.0,Electronics,186,14,False,55-64 Tahun
#86,41,Female,Suburban,112197.0,Technology,7,9,44.0,144.0,Electronics,128,24,False,35-44 Tahun
#87,43,Male,Suburban,84429.0,Food,22,4,192.0,4257.0,Health & Beauty,210,48,True,35-44 Tahun
#88,42,Male,Suburban,124195.0,Sports,9,6,23.0,2567.0,Health & Beauty,414,44,True,35-44 Tahun
#89,62,Male,Suburban,81627.0,Technology,22,4,186.0,967.0,Apparel,281,37,False,55-64 Tahun
#90,58,Female,Rural,53848.0,Fashion,5,7,111.0,118.0,Health & Beauty,253,26,True,55-64 Tahun
#91,46,Female,Rural,57804.0,Food,10,5,109.0,464.0,Apparel,19,31,False,45-54 Tahun
#92,32,Male,Suburban,35379.0,Travel,23,4,16.0,3932.0,Electronics,136,32,True,25-34 Tahun
#93,62,Male,Rural,79664.0,Food,17,8,39.0,679.0,Apparel,223,41,True,55-64 Tahun
#94,18,Male,Urban,47766.0,Travel,12,1,58.0,645.0,Apparel,3,2,True,18-24 Tahun
#95,42,Female,Urban,129126.0,Sports,23,0,153.0,4250.0,Home & Kitchen,236,25,True,35-44 Tahun
#96,24,Female,Urban,88099.0,Travel,16,7,120.0,4973.0,Health & Beauty,465,44,False,18-24 Tahun
#97,26,Female,Suburban,56060.0,Sports,3,2,188.0,3139.0,Apparel,228,2,False,25-34 Tahun
#98,41,Female,Urban,114733.0,Fashion,25,6,81.0,4237.0,Electronics,499,42,False,35-44 Tahun
#99,18,Male,Rural,89122.0,Travel,22,9,89.0,4144.0,Books,521,1,True,18-24 Tahun
#100,61,Male,Suburban,36087.0,Food,9,7,92.0,4426.0,Apparel,139,36,False,55-64 Tahun
#101,25,Male,Rural,68868.0,Sports,29,5,51.0,552.0,Health & Beauty,276,12,False,25-34 Tahun
#102,41,Male,Urban,139119.0,Food,15,9,26.0,4061.0,Home & Kitchen,291,9,False,35-44 Tahun
#103,28,Female,Urban,43225.0,Technology,5,8,182.0,1481.0,Electronics,53,36,True,25-34 Tahun
#104,34,Female,Urban,115286.0,Sports,23,6,16.0,1567.0,Home & Kitchen,110,41,False,25-34 Tahun
#105,25,Male,Suburban,26643.0,Travel,13,9,164.0,2838.0,Books,4,28,True,25-34 Tahun
#106,52,Male,Rural,113059.0,Sports,14,4,19.0,1316.0,Apparel,47,38,True,45-54 Tahun
#107,52,Female,Suburban,56727.0,Food,20,7,43.0,980.0,Apparel,94,33,False,45-54 Tahun
#108,50,Male,Suburban,31005.0,Fashion,15,1,45.0,3914.0,Health & Beauty,560,42,True,45-54 Tahun
#109,22,Female,Urban,129079.0,Sports,16,6,162.0,3249.0,Apparel,213,46,False,18-24 Tahun
#110,59,Male,Suburban,85697.0,Travel,23,3,15.0,184.0,Electronics,436,22,False,55-64 Tahun
#111,56,Male,Suburban,36029.0,Technology,13,8,161.0,4244.0,Books,508,25,False,55-64 Tahun
#112,58,Male,Urban,135281.0,Fashion,17,0,155.0,1268.0,Home & Kitchen,205,18,False,55-64 Tahun
#113,45,Male,Suburban,34226.0,Technology,23,6,143.0,4264.0,Books,381,6,False,45-54 Tahun
#114,24,Male,Urban,83646.0,Sports,8,5,38.0,3229.0,Apparel,73,18,True,18-24 Tahun
#115,26,Male,Urban,80603.0,Food,21,7,135.0,3745.0,Home & Kitchen,516,16,False,25-34 Tahun
#116,25,Male,Urban,48731.0,Food,2,4,162.0,2626.0,Health & Beauty,76,15,True,25-34 Tahun
#117,29,Female,Urban,129458.0,Travel,5,0,192.0,2967.0,Books,77,48,False,25-34 Tahun
#118,51,Female,Suburban,130384.0,Food,6,0,90.0,3616.0,Home & Kitchen,410,8,False,45-54 Tahun
#119,50,Female,Urban,88926.0,Fashion,12,8,183.0,3467.0,Home & Kitchen,106,13,False,45-54 Tahun
#120,40,Female,Urban,25997.0,Food,18,9,161.0,2294.0,Home & Kitchen,551,43,True,35-44 Tahun
#121,41,Female,Suburban,75506.0,Travel,22,5,84.0,3655.0,Electronics,476,7,True,35-44 Tahun
#122,54,Male,Suburban,98229.0,Sports,22,9,35.0,545.0,Books,275,17,True,45-54 Tahun
#123,52,Male,Rural,69815.0,Sports,1,4,136.0,3726.0,Home & Kitchen,88,32,True,45-54 Tahun
#124,61,Female,Suburban,62092.0,Food,17,0,124.0,4116.0,Books,77,22,False,55-64 Tahun
#125,57,Male,Suburban,82539.0,Technology,11,5,135.0,3975.0,Home & Kitchen,77,13,False,55-64 Tahun
#126,39,Female,Rural,86077.0,Sports,10,5,37.0,3437.0,Health & Beauty,442,47,True,35-44 Tahun
#127,44,Female,Suburban,41817.0,Food,19,2,140.0,361.0,Health & Beauty,540,23,True,35-44 Tahun
#128,52,Male,Suburban,57861.0,Travel,14,7,84.0,1948.0,Health & Beauty,245,29,True,45-54 Tahun
#129,18,Male,Suburban,33428.0,Food,26,0,175.0,4125.0,Apparel,578,22,False,18-24 Tahun
#130,52,Male,Suburban,63934.0,Sports,10,0,198.0,2366.0,Home & Kitchen,382,1,True,45-54 Tahun
#131,54,Female,Rural,135555.0,Travel,15,5,87.0,191.0,Apparel,570,29,True,45-54 Tahun
#132,64,Male,Suburban,134367.0,Food,28,9,188.0,4322.0,Books,142,48,False,55-64 Tahun
#133,31,Female,Suburban,30258.0,Fashion,19,0,99.0,4275.0,Apparel,368,5,True,25-34 Tahun
#134,20,Female,Rural,77775.0,Travel,4,5,185.0,3409.0,Books,84,35,False,18-24 Tahun
#135,18,Female,Urban,101580.0,Fashion,2,0,30.0,1082.0,Books,143,10,False,18-24 Tahun
#136,22,Male,Rural,114947.0,Technology,9,5,63.0,3543.0,Books,352,19,False,18-24 Tahun
#137,43,Male,Urban,25469.0,Travel,10,2,193.0,2633.0,Apparel,545,37,False,35-44 Tahun
#138,31,Female,Rural,48854.0,Fashion,28,7,112.0,793.0,Home & Kitchen,152,7,False,25-34 Tahun
#139,56,Male,Rural,26256.0,Sports,11,5,68.0,4220.0,Apparel,158,46,True,55-64 Tahun
#140,44,Male,Suburban,144086.0,Sports,14,0,81.0,255.0,Home & Kitchen,446,35,True,35-44 Tahun
#141,26,Male,Urban,96256.0,Technology,7,4,188.0,3688.0,Home & Kitchen,303,45,False,25-34 Tahun
#142,32,Female,Suburban,53937.0,Travel,23,7,29.0,1912.0,Books,450,13,False,25-34 Tahun
#143,32,Female,Urban,119134.0,Travel,15,2,121.0,4214.0,Apparel,224,10,True,25-34 Tahun
#144,43,Male,Rural,21651.0,Travel,22,5,68.0,1507.0,Home & Kitchen,43,2,True,35-44 Tahun
#145,59,Female,Rural,70288.0,Technology,19,4,80.0,1316.0,Health & Beauty,264,6,False,55-64 Tahun
#146,30,Male,Urban,104730.0,Travel,22,5,146.0,1510.0,Home & Kitchen,3,8,True,25-34 Tahun
#147,49,Male,Suburban,45051.0,Sports,15,9,118.0,3597.0,Health & Beauty,268,36,True,45-54 Tahun
#148,56,Male,Suburban,47386.0,Fashion,28,0,138.0,4472.0,Apparel,596,25,False,55-64 Tahun
#149,49,Male,Suburban,95054.0,Sports,24,6,166.0,4940.0,Apparel,16,44,True,45-54 Tahun
#150,21,Female,Suburban,131562.0,Sports,8,8,65.0,651.0,Apparel,334,47,True,18-24 Tahun
#151,47,Female,Rural,36184.0,Fashion,11,1,44.0,3494.0,Home & Kitchen,464,40,True,45-54 Tahun
#152,54,Female,Rural,53787.0,Sports,29,9,132.0,1276.0,Electronics,59,7,True,45-54 Tahun
#153,40,Male,Rural,41621.0,Technology,9,4,140.0,4834.0,Home & Kitchen,177,46,False,35-44 Tahun
#154,56,Male,Rural,95564.0,Fashion,15,9,113.0,4432.0,Home & Kitchen,63,23,True,55-64 Tahun
#155,62,Male,Rural,97984.0,Sports,1,3,16.0,1097.0,Books,561,19,False,55-64 Tahun
#156,32,Female,Suburban,79792.0,Food,1,5,36.0,4176.0,Books,307,46,True,25-34 Tahun
#157,60,Male,Suburban,65253.0,Sports,19,5,10.0,2831.0,Home & Kitchen,246,22,False,55-64 Tahun
#158,46,Female,Suburban,54051.0,Technology,3,1,181.0,4037.0,Health & Beauty,289,13,False,45-54 Tahun
#159,53,Female,Suburban,69811.0,Travel,10,1,96.0,4152.0,Books,332,21,True,45-54 Tahun
#160,30,Female,Rural,50447.0,Sports,8,3,50.0,472.0,Home & Kitchen,527,1,False,25-34 Tahun
#161,49,Female,Rural,148046.0,Travel,15,0,132.0,2348.0,Electronics,255,19,False,45-54 Tahun
#162,24,Female,Rural,103930.0,Food,10,8,84.0,948.0,Health & Beauty,510,33,False,18-24 Tahun
#163,39,Female,Urban,143278.0,Sports,1,6,51.0,2656.0,Apparel,463,4,False,35-44 Tahun
#164,45,Male,Suburban,120037.0,Fashion,29,6,126.0,2422.0,Home & Kitchen,199,42,False,45-54 Tahun
#165,19,Male,Suburban,50254.0,Travel,18,2,170.0,603.0,Home & Kitchen,271,3,True,18-24 Tahun
#166,59,Female,Rural,104045.0,Food,2,2,187.0,3289.0,Health & Beauty,558,27,False,55-64 Tahun
#167,62,Female,Suburban,136859.0,Fashion,19,0,72.0,802.0,Books,64,41,False,55-64 Tahun
#168,23,Male,Suburban,77418.0,Fashion,13,2,174.0,3725.0,Books,230,35,True,18-24 Tahun
#169,45,Female,Rural,134534.0,Fashion,22,2,196.0,414.0,Books,249,28,True,45-54 Tahun
#170,45,Female,Urban,34472.0,Fashion,1,3,136.0,2476.0,Apparel,246,6,False,45-54 Tahun
#171,61,Male,Urban,131193.0,Sports,2,3,185.0,1140.0,Health & Beauty,587,6,True,55-64 Tahun
#172,61,Female,Urban,23471.0,Sports,29,2,142.0,4478.0,Health & Beauty,157,44,True,55-64 Tahun
#173,37,Female,Rural,127332.0,Sports,16,9,57.0,3090.0,Books,564,23,True,35-44 Tahun
#174,47,Female,Suburban,140312.0,Food,15,7,12.0,357.0,Books,88,33,True,45-54 Tahun
#175,28,Male,Rural,143379.0,Food,13,7,125.0,674.0,Electronics,313,16,True,25-34 Tahun
#176,45,Male,Rural,115804.0,Food,16,0,184.0,4769.0,Electronics,66,24,True,45-54 Tahun
#177,42,Male,Suburban,28329.0,Technology,17,6,199.0,1652.0,Home & Kitchen,20,5,False,35-44 Tahun
#178,56,Female,Urban,54865.0,Food,21,1,108.0,4618.0,Home & Kitchen,33,41,False,55-64 Tahun
#179,50,Female,Urban,66850.0,Sports,29,0,125.0,857.0,Health & Beauty,558,42,True,45-54 Tahun
#180,18,Male,Rural,74220.0,Sports,29,2,23.0,2910.0,Health & Beauty,73,13,True,18-24 Tahun
#181,44,Female,Urban,132234.0,Technology,7,3,121.0,1204.0,Apparel,343,47,False,35-44 Tahun
#182,30,Female,Rural,113808.0,Technology,24,5,70.0,4624.0,Apparel,133,12,True,25-34 Tahun
#183,58,Female,Rural,128381.0,Food,26,9,168.0,3559.0,Electronics,55,5,False,55-64 Tahun
#184,20,Female,Suburban,26397.0,Travel,17,4,104.0,4092.0,Home & Kitchen,61,37,True,18-24 Tahun
#185,56,Female,Suburban,117909.0,Technology,7,3,26.0,303.0,Electronics,520,31,False,55-64 Tahun
#186,23,Male,Suburban,149004.0,Fashion,13,7,133.0,2875.0,Electronics,272,28,False,18-24 Tahun
#187,25,Female,Rural,55525.0,Sports,5,3,33.0,2432.0,Home & Kitchen,246,28,True,25-34 Tahun
#188,44,Male,Suburban,73072.0,Fashion,26,9,125.0,2092.0,Apparel,176,30,True,35-44 Tahun
#189,26,Female,Urban,110106.0,Sports,17,1,160.0,2343.0,Home & Kitchen,317,18,True,25-34 Tahun
#190,54,Male,Urban,103820.0,Sports,3,2,91.0,406.0,Books,131,44,True,45-54 Tahun
#191,50,Female,Rural,104530.0,Technology,7,5,59.0,1787.0,Books,102,27,False,45-54 Tahun
#192,59,Male,Rural,43284.0,Technology,26,7,88.0,4209.0,Books,310,35,True,55-64 Tahun
#193,61,Female,Suburban,81330.0,Fashion,17,7,88.0,1960.0,Health & Beauty,292,26,False,55-64 Tahun
#194,41,Male,Rural,103369.0,Sports,7,8,79.0,2061.0,Apparel,495,39,True,35-44 Tahun
#195,32,Female,Rural,45122.0,Fashion,21,6,36.0,822.0,Apparel,361,49,False,25-34 Tahun
#196,49,Male,Urban,90553.0,Travel,1,1,24.0,879.0,Health & Beauty,338,18,True,45-54 Tahun
#197,49,Female,Urban,101906.0,Fashion,17,7,59.0,628.0,Electronics,579,33,True,45-54 Tahun
#198,41,Male,Suburban,114788.0,Food,17,6,45.0,4993.0,Books,10,25,False,35-44 Tahun
#199,58,Male,Rural,82812.0,Fashion,11,7,17.0,443.0,Books,49,31,True,55-64 Tahun
#200,29,Female,Rural,27999.0,Food,25,2,88.0,3886.0,Electronics,487,37,True,25-34 Tahun
#201,56,Female,Urban,42436.0,Food,27,6,140.0,3782.0,Home & Kitchen,321,2,True,55-64 Tahun
#202,19,Male,Rural,62963.0,Food,29,9,199.0,308.0,Home & Kitchen,569,33,True,18-24 Tahun
#203,20,Female,Urban,22096.0,Travel,3,8,56.0,4836.0,Apparel,133,39,True,18-24 Tahun
#204,54,Male,Suburban,149940.0,Fashion,15,2,114.0,3506.0,Health & Beauty,583,43,False,45-54 Tahun
#205,34,Male,Urban,133737.0,Fashion,29,9,107.0,1411.0,Apparel,83,43,True,25-34 Tahun
#206,19,Male,Rural,45279.0,Travel,21,5,105.0,2399.0,Home & Kitchen,57,32,False,18-24 Tahun
#207,19,Female,Suburban,141092.0,Sports,11,1,198.0,3436.0,Electronics,376,18,True,18-24 Tahun
#208,45,Male,Urban,128899.0,Technology,26,1,169.0,2047.0,Apparel,349,17,True,45-54 Tahun
#209,40,Male,Urban,134245.0,Fashion,28,4,125.0,1019.0,Books,271,34,False,35-44 Tahun
#210,54,Female,Suburban,46201.0,Technology,16,4,22.0,2144.0,Books,483,39,False,45-54 Tahun
#211,49,Female,Suburban,39715.0,Travel,25,6,10.0,518.0,Electronics,111,7,False,45-54 Tahun
#212,50,Female,Urban,49309.0,Sports,22,1,43.0,1849.0,Home & Kitchen,76,42,False,45-54 Tahun
#213,18,Female,Rural,35078.0,Sports,28,6,199.0,2942.0,Books,158,35,False,18-24 Tahun
#214,36,Male,Urban,76614.0,Sports,9,4,88.0,1199.0,Books,532,30,True,35-44 Tahun
#215,19,Male,Suburban,25105.0,Travel,24,5,87.0,3492.0,Health & Beauty,329,12,False,18-24 Tahun
#216,61,Male,Urban,137666.0,Food,24,7,130.0,2872.0,Apparel,122,35,False,55-64 Tahun
#217,43,Male,Suburban,114848.0,Food,1,9,102.0,2580.0,Home & Kitchen,41,11,True,35-44 Tahun
#218,49,Female,Suburban,22839.0,Technology,29,3,107.0,1645.0,Apparel,167,44,True,45-54 Tahun
#219,23,Male,Rural,88920.0,Food,25,6,91.0,1170.0,Home & Kitchen,23,4,False,18-24 Tahun
#220,49,Male,Suburban,63619.0,Food,22,5,168.0,1950.0,Books,279,25,False,45-54 Tahun
#221,21,Female,Suburban,62821.0,Sports,16,9,162.0,4298.0,Health & Beauty,469,48,False,18-24 Tahun
#222,28,Male,Rural,145736.0,Sports,9,1,47.0,3039.0,Apparel,400,32,True,25-34 Tahun
#223,34,Male,Suburban,33493.0,Technology,19,7,23.0,2003.0,Books,9,20,False,25-34 Tahun
#224,55,Male,Rural,37069.0,Fashion,12,9,145.0,778.0,Home & Kitchen,13,31,True,55-64 Tahun
#225,41,Male,Rural,132443.0,Technology,19,8,100.0,1088.0,Apparel,52,4,True,35-44 Tahun
#226,22,Male,Suburban,27531.0,Technology,22,4,63.0,2575.0,Apparel,209,38,True,18-24 Tahun
#227,51,Male,Suburban,57051.0,Travel,9,9,139.0,1707.0,Books,550,47,True,45-54 Tahun
#228,23,Female,Urban,27736.0,Travel,7,3,110.0,2969.0,Apparel,402,1,False,18-24 Tahun
#229,39,Female,Rural,27710.0,Technology,14,5,98.0,1602.0,Health & Beauty,191,3,True,35-44 Tahun
#230,28,Male,Urban,87155.0,Technology,29,7,65.0,1889.0,Health & Beauty,51,37,True,25-34 Tahun
#231,33,Male,Suburban,33975.0,Technology,19,2,103.0,1525.0,Books,393,22,False,25-34 Tahun
#232,50,Female,Urban,82424.0,Food,19,9,102.0,2540.0,Home & Kitchen,300,17,True,45-54 Tahun
#233,26,Male,Rural,65603.0,Travel,2,0,93.0,2142.0,Books,196,14,False,25-34 Tahun
#234,23,Male,Urban,43252.0,Technology,9,3,94.0,1378.0,Health & Beauty,417,41,True,18-24 Tahun
#235,33,Male,Rural,100797.0,Sports,13,3,198.0,2694.0,Electronics,420,35,False,25-34 Tahun
#236,46,Female,Suburban,21431.0,Sports,15,0,31.0,4789.0,Electronics,522,13,True,45-54 Tahun
#237,20,Male,Suburban,94603.0,Food,3,8,44.0,2536.0,Apparel,356,35,True,18-24 Tahun
#238,37,Female,Rural,57481.0,Food,11,2,25.0,3903.0,Apparel,148,43,False,35-44 Tahun
#239,53,Male,Suburban,112573.0,Fashion,21,4,59.0,2305.0,Electronics,365,2,True,45-54 Tahun
#240,36,Female,Suburban,29557.0,Fashion,14,5,131.0,1127.0,Health & Beauty,364,47,True,35-44 Tahun
#241,43,Female,Suburban,94971.0,Fashion,25,7,137.0,3639.0,Apparel,402,13,False,35-44 Tahun
#242,20,Male,Suburban,123302.0,Food,8,5,122.0,3583.0,Books,492,16,True,18-24 Tahun
#243,36,Female,Rural,20162.0,Food,18,2,180.0,2341.0,Books,229,18,True,35-44 Tahun
#244,37,Male,Urban,54742.0,Food,19,5,26.0,2865.0,Health & Beauty,575,7,False,35-44 Tahun
#245,49,Female,Urban,39675.0,Sports,16,0,89.0,1273.0,Apparel,537,45,False,45-54 Tahun
#246,24,Male,Suburban,93997.0,Food,2,3,195.0,3330.0,Books,268,36,False,18-24 Tahun
#247,58,Male,Urban,37015.0,Sports,8,5,139.0,3450.0,Apparel,405,41,False,55-64 Tahun
#248,50,Female,Urban,70057.0,Fashion,22,6,141.0,503.0,Apparel,11,30,False,45-54 Tahun
#249,57,Male,Suburban,52591.0,Fashion,6,9,94.0,2825.0,Books,320,42,True,55-64 Tahun
#250,56,Male,Suburban,113583.0,Fashion,12,2,176.0,3482.0,Electronics,126,41,False,55-64 Tahun
#251,35,Female,Urban,146133.0,Technology,15,8,103.0,4263.0,Books,306,7,True,35-44 Tahun
#252,57,Male,Rural,120318.0,Technology,25,6,143.0,187.0,Health & Beauty,511,15,False,55-64 Tahun
#253,18,Male,Suburban,29833.0,Travel,8,0,90.0,1258.0,Home & Kitchen,89,40,True,18-24 Tahun
#254,28,Female,Rural,27896.0,Travel,4,1,78.0,4373.0,Books,355,19,True,25-34 Tahun
#255,45,Female,Urban,52972.0,Travel,15,0,78.0,2957.0,Apparel,352,43,False,45-54 Tahun
#256,42,Male,Suburban,69733.0,Technology,28,8,157.0,1481.0,Apparel,14,37,True,35-44 Tahun
#257,40,Male,Rural,140363.0,Technology,20,8,25.0,4781.0,Books,257,2,True,35-44 Tahun
#258,48,Female,Suburban,61800.0,Travel,25,6,60.0,2164.0,Home & Kitchen,209,42,False,45-54 Tahun
#259,47,Female,Urban,116044.0,Travel,17,9,114.0,2474.0,Books,281,48,False,45-54 Tahun
#260,59,Male,Rural,25347.0,Food,13,2,174.0,417.0,Home & Kitchen,443,13,False,55-64 Tahun
#261,52,Female,Urban,79063.0,Travel,18,4,179.0,1602.0,Home & Kitchen,389,40,False,45-54 Tahun
#262,24,Male,Urban,115850.0,Food,2,3,194.0,2142.0,Health & Beauty,483,41,True,18-24 Tahun
#263,33,Male,Suburban,22643.0,Sports,13,6,75.0,4698.0,Apparel,147,43,True,25-34 Tahun
#264,43,Male,Rural,60785.0,Technology,13,8,18.0,2122.0,Apparel,279,43,True,35-44 Tahun
#265,19,Male,Urban,38681.0,Travel,22,1,116.0,218.0,Home & Kitchen,521,31,True,18-24 Tahun
#266,18,Male,Urban,70026.0,Technology,15,7,109.0,809.0,Apparel,434,16,True,18-24 Tahun
#267,29,Female,Rural,123864.0,Technology,20,8,95.0,3657.0,Electronics,144,42,True,25-34 Tahun
#268,22,Female,Urban,35892.0,Technology,29,9,73.0,4240.0,Home & Kitchen,289,44,False,18-24 Tahun
#269,54,Female,Urban,67299.0,Sports,27,9,31.0,4509.0,Apparel,386,6,True,45-54 Tahun
#270,49,Female,Rural,37073.0,Fashion,10,8,171.0,3350.0,Electronics,14,28,True,45-54 Tahun
#271,26,Male,Rural,122304.0,Travel,29,9,192.0,517.0,Health & Beauty,257,32,True,25-34 Tahun
#272,58,Male,Rural,50682.0,Fashion,3,6,166.0,2703.0,Apparel,346,44,False,55-64 Tahun
#273,52,Male,Rural,117798.0,Fashion,19,8,175.0,3954.0,Electronics,345,10,False,45-54 Tahun
#274,36,Male,Suburban,146021.0,Fashion,3,8,119.0,1201.0,Books,400,18,False,35-44 Tahun
#275,33,Female,Rural,116894.0,Technology,22,2,106.0,4521.0,Books,207,4,False,25-34 Tahun
#276,20,Male,Suburban,144302.0,Food,14,3,27.0,3528.0,Electronics,172,9,True,18-24 Tahun
#277,37,Male,Suburban,34289.0,Technology,8,1,80.0,2361.0,Home & Kitchen,464,7,True,35-44 Tahun
#278,41,Female,Suburban,135359.0,Technology,27,9,136.0,4269.0,Home & Kitchen,270,8,True,35-44 Tahun
#279,50,Female,Urban,27927.0,Fashion,23,2,106.0,3734.0,Apparel,221,43,False,45-54 Tahun
#280,41,Female,Suburban,68330.0,Technology,4,4,10.0,608.0,Books,152,7,True,35-44 Tahun
#281,28,Female,Suburban,86707.0,Fashion,27,4,141.0,2479.0,Home & Kitchen,183,41,True,25-34 Tahun
#282,25,Male,Urban,140279.0,Food,28,5,13.0,3264.0,Home & Kitchen,399,40,True,25-34 Tahun
#283,53,Male,Urban,97454.0,Travel,20,6,134.0,787.0,Books,72,3,False,45-54 Tahun
#284,55,Female,Urban,127439.0,Fashion,11,6,91.0,4852.0,Health & Beauty,418,17,False,55-64 Tahun
#285,57,Male,Rural,124646.0,Food,26,0,36.0,1392.0,Home & Kitchen,283,2,False,55-64 Tahun
#286,37,Male,Urban,85428.0,Travel,11,1,180.0,4005.0,Electronics,74,15,True,35-44 Tahun
#287,52,Male,Urban,70601.0,Sports,27,8,68.0,3175.0,Apparel,355,46,True,45-54 Tahun
#288,42,Female,Suburban,97465.0,Fashion,11,9,41.0,3309.0,Home & Kitchen,497,29,True,35-44 Tahun
#289,52,Male,Urban,22539.0,Fashion,2,1,170.0,424.0,Home & Kitchen,328,48,True,45-54 Tahun
#290,42,Female,Rural,122263.0,Sports,17,5,37.0,2093.0,Health & Beauty,535,22,False,35-44 Tahun
#291,46,Male,Urban,131487.0,Sports,9,0,115.0,4076.0,Electronics,580,4,True,45-54 Tahun
#292,35,Male,Rural,42669.0,Fashion,28,2,114.0,4912.0,Apparel,447,6,False,35-44 Tahun
#293,63,Male,Urban,90968.0,Sports,28,1,192.0,2870.0,Home & Kitchen,373,38,True,55-64 Tahun
#294,35,Female,Urban,40644.0,Technology,2,2,197.0,4472.0,Apparel,362,26,False,35-44 Tahun
#295,19,Male,Urban,38745.0,Travel,29,4,79.0,2683.0,Books,93,11,True,18-24 Tahun
#296,52,Female,Urban,140852.0,Travel,24,9,71.0,3657.0,Home & Kitchen,321,26,True,45-54 Tahun
#297,33,Female,Rural,148081.0,Travel,15,5,43.0,3687.0,Home & Kitchen,324,17,False,25-34 Tahun
#298,58,Female,Rural,48228.0,Technology,16,8,96.0,251.0,Books,384,24,False,55-64 Tahun
#299,53,Male,Suburban,138358.0,Sports,25,9,123.0,1054.0,Health & Beauty,575,28,True,45-54 Tahun
#300,50,Male,Rural,54521.0,Food,4,3,115.0,4454.0,Home & Kitchen,346,35,True,45-54 Tahun
#301,21,Male,Urban,142788.0,Sports,8,6,65.0,2471.0,Apparel,103,31,True,18-24 Tahun
#302,50,Male,Suburban,117239.0,Fashion,9,5,122.0,1291.0,Electronics,215,13,False,45-54 Tahun
#303,31,Female,Suburban,46928.0,Travel,26,1,22.0,787.0,Apparel,192,35,True,25-34 Tahun
#304,38,Female,Suburban,38322.0,Sports,26,9,193.0,409.0,Health & Beauty,194,16,False,35-44 Tahun
#305,37,Female,Urban,77714.0,Food,5,7,27.0,1602.0,Electronics,380,15,True,35-44 Tahun
#306,25,Male,Rural,107896.0,Fashion,16,6,191.0,3227.0,Apparel,403,43,True,25-34 Tahun
#307,24,Female,Urban,82292.0,Technology,13,6,122.0,4668.0,Apparel,11,18,True,18-24 Tahun
#308,20,Male,Suburban,49055.0,Technology,7,7,180.0,3467.0,Books,187,47,True,18-24 Tahun
#309,34,Female,Urban,62891.0,Food,26,0,48.0,3495.0,Health & Beauty,15,37,False,25-34 Tahun
#310,50,Male,Urban,101912.0,Fashion,20,0,198.0,913.0,Books,297,48,False,45-54 Tahun
#311,29,Male,Rural,26588.0,Travel,17,7,179.0,945.0,Electronics,411,48,True,25-34 Tahun
#312,39,Female,Rural,110536.0,Sports,3,3,88.0,1264.0,Books,585,49,True,35-44 Tahun
#313,39,Female,Suburban,26304.0,Fashion,5,4,155.0,4862.0,Health & Beauty,52,41,True,35-44 Tahun
#314,63,Female,Urban,27345.0,Technology,19,7,160.0,1867.0,Home & Kitchen,28,27,False,55-64 Tahun
#315,47,Female,Urban,49300.0,Food,12,4,191.0,454.0,Home & Kitchen,577,35,True,45-54 Tahun
#316,55,Male,Rural,44259.0,Food,29,9,39.0,1972.0,Electronics,17,45,False,55-64 Tahun
#317,55,Female,Urban,111006.0,Sports,27,3,107.0,2124.0,Home & Kitchen,351,35,False,55-64 Tahun
#318,62,Female,Urban,108553.0,Food,7,5,67.0,2917.0,Books,428,28,False,55-64 Tahun
#319,25,Female,Urban,35352.0,Food,28,4,76.0,3932.0,Electronics,229,39,False,25-34 Tahun
#320,44,Male,Rural,149350.0,Fashion,9,6,80.0,4375.0,Health & Beauty,210,38,True,35-44 Tahun
#321,44,Male,Suburban,53365.0,Travel,28,9,155.0,165.0,Electronics,431,9,True,35-44 Tahun
#322,51,Female,Suburban,39446.0,Sports,6,6,115.0,4366.0,Electronics,294,12,False,45-54 Tahun
#323,38,Male,Urban,22336.0,Fashion,29,3,16.0,4190.0,Apparel,582,15,True,35-44 Tahun
#324,47,Female,Suburban,82032.0,Travel,26,4,49.0,2621.0,Apparel,104,21,True,45-54 Tahun
#325,50,Male,Rural,95415.0,Fashion,17,2,79.0,2681.0,Electronics,204,35,True,45-54 Tahun
#326,45,Male,Rural,117852.0,Fashion,16,3,77.0,1490.0,Home & Kitchen,53,42,False,45-54 Tahun
#327,64,Male,Suburban,118876.0,Food,23,3,58.0,1230.0,Apparel,375,33,True,55-64 Tahun
#328,50,Male,Suburban,27521.0,Travel,3,2,61.0,2586.0,Health & Beauty,54,19,True,45-54 Tahun
#329,22,Female,Urban,91707.0,Sports,21,9,123.0,934.0,Books,276,23,True,18-24 Tahun
#330,36,Female,Suburban,43481.0,Sports,26,4,116.0,326.0,Apparel,335,13,True,35-44 Tahun
#331,21,Female,Urban,38474.0,Travel,4,4,38.0,3615.0,Electronics,31,44,True,18-24 Tahun
#332,52,Male,Urban,66760.0,Food,10,6,158.0,4637.0,Home & Kitchen,135,1,True,45-54 Tahun
#333,34,Female,Rural,75718.0,Technology,5,3,87.0,2543.0,Books,58,29,True,25-34 Tahun
#334,61,Female,Rural,64629.0,Fashion,21,3,18.0,827.0,Apparel,105,24,True,55-64 Tahun
#335,45,Female,Rural,65232.0,Food,22,8,184.0,3786.0,Home & Kitchen,266,16,True,45-54 Tahun
#336,47,Male,Rural,106544.0,Travel,10,5,85.0,3722.0,Home & Kitchen,522,25,True,45-54 Tahun
#337,46,Male,Suburban,87169.0,Fashion,12,3,51.0,1136.0,Home & Kitchen,496,23,False,45-54 Tahun
#338,63,Male,Rural,147941.0,Sports,10,1,188.0,1932.0,Electronics,253,28,True,55-64 Tahun
#339,23,Female,Suburban,70669.0,Technology,29,5,193.0,2840.0,Health & Beauty,295,47,False,18-24 Tahun
#340,52,Female,Rural,98021.0,Sports,13,1,188.0,592.0,Home & Kitchen,158,16,True,45-54 Tahun
#341,58,Female,Suburban,129153.0,Travel,11,4,137.0,1648.0,Books,549,43,False,55-64 Tahun
#342,54,Male,Urban,89184.0,Fashion,22,5,29.0,1243.0,Apparel,67,38,False,45-54 Tahun
#343,41,Male,Suburban,67945.0,Travel,16,3,164.0,4057.0,Books,299,11,True,35-44 Tahun
#344,46,Female,Suburban,33140.0,Fashion,8,2,175.0,3507.0,Electronics,463,3,False,45-54 Tahun
#345,63,Male,Rural,146468.0,Food,8,6,81.0,739.0,Electronics,101,15,False,55-64 Tahun
#346,48,Male,Suburban,103457.0,Technology,27,1,74.0,272.0,Books,56,1,False,45-54 Tahun
#347,52,Male,Urban,34357.0,Food,25,5,191.0,4454.0,Health & Beauty,332,7,True,45-54 Tahun
#348,50,Male,Urban,131672.0,Food,8,3,122.0,4059.0,Electronics,393,1,False,45-54 Tahun
#349,38,Female,Rural,88673.0,Travel,13,5,33.0,616.0,Electronics,381,49,False,35-44 Tahun
#350,49,Male,Urban,141673.0,Technology,27,3,137.0,622.0,Books,92,32,True,45-54 Tahun
#351,40,Male,Suburban,85633.0,Fashion,2,3,184.0,2017.0,Electronics,447,9,False,35-44 Tahun
#352,50,Male,Urban,96943.0,Fashion,12,3,92.0,2986.0,Health & Beauty,109,29,False,45-54 Tahun
#353,20,Male,Rural,116111.0,Sports,10,8,72.0,2264.0,Health & Beauty,317,26,False,18-24 Tahun
#354,35,Female,Suburban,98258.0,Fashion,12,6,194.0,2029.0,Health & Beauty,168,23,True,35-44 Tahun
#355,42,Female,Rural,32924.0,Travel,11,2,192.0,4045.0,Apparel,435,45,False,35-44 Tahun
#356,59,Male,Suburban,89286.0,Food,15,2,69.0,2309.0,Health & Beauty,442,43,True,55-64 Tahun
#357,48,Male,Urban,113269.0,Food,16,5,108.0,3883.0,Health & Beauty,218,29,False,45-54 Tahun
#358,20,Male,Rural,147563.0,Food,17,5,71.0,2690.0,Apparel,222,38,False,18-24 Tahun
#359,57,Male,Rural,94071.0,Technology,26,3,39.0,4176.0,Home & Kitchen,528,33,False,55-64 Tahun
#360,63,Male,Suburban,77326.0,Fashion,2,8,31.0,1193.0,Electronics,278,7,False,55-64 Tahun
#361,41,Male,Rural,110023.0,Travel,18,3,135.0,3980.0,Health & Beauty,569,12,True,35-44 Tahun
#362,49,Female,Suburban,140101.0,Technology,12,8,166.0,2594.0,Electronics,574,31,False,45-54 Tahun
#363,64,Male,Suburban,50651.0,Sports,19,3,178.0,2679.0,Books,466,32,True,55-64 Tahun
#364,39,Female,Suburban,90202.0,Travel,26,1,51.0,2588.0,Electronics,584,20,False,35-44 Tahun
#365,40,Female,Suburban,68777.0,Travel,23,1,107.0,2885.0,Apparel,30,17,True,35-44 Tahun
#366,19,Male,Urban,36994.0,Travel,18,4,40.0,2858.0,Electronics,359,36,False,18-24 Tahun
#367,44,Female,Suburban,87263.0,Food,17,3,167.0,1674.0,Electronics,288,3,False,35-44 Tahun
#368,59,Female,Rural,79634.0,Travel,6,6,121.0,2473.0,Electronics,86,1,True,55-64 Tahun
#369,19,Female,Urban,120158.0,Fashion,25,4,155.0,4090.0,Home & Kitchen,234,27,True,18-24 Tahun
#370,43,Female,Rural,30800.0,Travel,15,5,131.0,4945.0,Home & Kitchen,313,47,True,35-44 Tahun
#371,34,Female,Urban,57823.0,Food,3,9,26.0,1193.0,Books,365,40,True,25-34 Tahun
#372,57,Female,Suburban,128575.0,Travel,6,3,47.0,1289.0,Apparel,269,33,False,55-64 Tahun
#373,50,Male,Urban,83878.0,Sports,3,1,151.0,2789.0,Electronics,131,20,True,45-54 Tahun
#374,26,Female,Urban,38708.0,Sports,29,9,119.0,4195.0,Electronics,351,14,True,25-34 Tahun
#375,60,Female,Rural,32819.0,Food,1,8,193.0,1975.0,Electronics,180,36,True,55-64 Tahun
#376,56,Female,Rural,94905.0,Fashion,13,9,31.0,3506.0,Electronics,480,5,False,55-64 Tahun
#377,46,Male,Suburban,83870.0,Fashion,28,6,65.0,1887.0,Home & Kitchen,163,23,False,45-54 Tahun
#378,59,Female,Urban,29283.0,Technology,21,3,128.0,4032.0,Books,96,45,False,55-64 Tahun
#379,43,Male,Urban,50573.0,Food,26,2,156.0,1707.0,Health & Beauty,510,15,False,35-44 Tahun
#380,52,Female,Urban,98707.0,Travel,14,9,66.0,3848.0,Apparel,365,6,True,45-54 Tahun
#381,42,Male,Suburban,50933.0,Food,13,2,181.0,148.0,Electronics,353,33,False,35-44 Tahun
#382,41,Male,Suburban,25774.0,Technology,27,8,44.0,3961.0,Books,436,19,True,35-44 Tahun
#383,30,Female,Suburban,92055.0,Food,4,4,123.0,2280.0,Health & Beauty,83,13,False,25-34 Tahun
#384,24,Female,Suburban,30983.0,Food,7,2,134.0,3146.0,Books,225,29,True,18-24 Tahun
#385,53,Male,Suburban,116468.0,Technology,22,4,138.0,2933.0,Home & Kitchen,412,6,True,45-54 Tahun
#386,62,Female,Rural,116334.0,Fashion,10,1,61.0,1497.0,Health & Beauty,118,15,True,55-64 Tahun
#387,37,Male,Urban,38133.0,Travel,7,3,94.0,3926.0,Books,482,16,True,35-44 Tahun
#388,18,Male,Urban,145555.0,Technology,21,9,174.0,4674.0,Home & Kitchen,192,24,True,18-24 Tahun
#389,25,Male,Urban,34939.0,Sports,15,1,74.0,931.0,Books,591,23,False,25-34 Tahun
#390,63,Male,Urban,20781.0,Fashion,15,1,188.0,2797.0,Books,590,48,True,55-64 Tahun
#391,33,Male,Urban,134586.0,Sports,4,7,138.0,4877.0,Health & Beauty,107,10,True,25-34 Tahun
#392,31,Female,Urban,76700.0,Fashion,23,0,30.0,2835.0,Home & Kitchen,382,41,True,25-34 Tahun
#393,29,Male,Urban,47624.0,Travel,23,6,190.0,181.0,Electronics,390,41,True,25-34 Tahun
#394,40,Male,Urban,26823.0,Travel,6,4,25.0,186.0,Apparel,244,49,False,35-44 Tahun
#395,32,Female,Rural,38489.0,Food,24,7,132.0,2163.0,Health & Beauty,585,17,False,25-34 Tahun
#396,45,Male,Urban,138555.0,Sports,20,0,70.0,921.0,Home & Kitchen,468,49,True,45-54 Tahun
#397,51,Female,Rural,59961.0,Fashion,26,6,63.0,262.0,Books,538,44,True,45-54 Tahun
#398,19,Female,Suburban,139664.0,Travel,5,4,177.0,3839.0,Home & Kitchen,210,45,True,18-24 Tahun
#399,49,Female,Urban,49118.0,Technology,20,3,35.0,2497.0,Apparel,73,30,True,45-54 Tahun
#400,40,Male,Suburban,120417.0,Travel,12,6,89.0,2032.0,Apparel,309,44,False,35-44 Tahun
#401,39,Male,Suburban,101816.0,Technology,1,9,74.0,2828.0,Electronics,590,46,False,35-44 Tahun
#402,42,Male,Suburban,42263.0,Fashion,28,1,109.0,3635.0,Electronics,186,10,True,35-44 Tahun
#403,39,Female,Rural,33565.0,Travel,8,0,83.0,3546.0,Apparel,253,19,True,35-44 Tahun
#404,39,Male,Suburban,40354.0,Travel,1,0,180.0,2890.0,Health & Beauty,13,29,True,35-44 Tahun
#405,59,Female,Suburban,62951.0,Fashion,5,0,26.0,2807.0,Health & Beauty,299,2,True,55-64 Tahun
#406,23,Male,Suburban,111179.0,Travel,22,4,130.0,4033.0,Books,76,36,True,18-24 Tahun
#407,32,Female,Urban,43648.0,Technology,6,9,196.0,3485.0,Electronics,51,19,False,25-34 Tahun
#408,60,Male,Urban,70729.0,Travel,29,6,32.0,1022.0,Books,149,7,False,55-64 Tahun
#409,54,Male,Rural,61971.0,Sports,21,1,144.0,2275.0,Electronics,122,26,True,45-54 Tahun
#410,50,Male,Rural,38658.0,Food,3,9,181.0,1682.0,Apparel,211,15,False,45-54 Tahun
#411,25,Female,Urban,41253.0,Technology,15,7,190.0,664.0,Health & Beauty,280,47,False,25-34 Tahun
#412,61,Female,Rural,84166.0,Sports,5,3,80.0,3358.0,Health & Beauty,538,38,False,55-64 Tahun
#413,61,Male,Urban,68563.0,Fashion,28,2,117.0,2697.0,Apparel,156,3,True,55-64 Tahun
#414,22,Male,Suburban,46390.0,Technology,24,9,88.0,2600.0,Books,238,38,False,18-24 Tahun
#415,56,Female,Suburban,108664.0,Food,14,7,171.0,4666.0,Books,376,16,False,55-64 Tahun
#416,21,Female,Rural,71578.0,Food,18,1,55.0,1087.0,Home & Kitchen,82,2,True,18-24 Tahun
#417,23,Female,Urban,99025.0,Fashion,16,2,87.0,3736.0,Electronics,492,31,False,18-24 Tahun
#418,62,Male,Urban,123850.0,Fashion,6,2,25.0,323.0,Books,356,28,True,55-64 Tahun
#419,49,Female,Rural,52658.0,Technology,25,9,80.0,450.0,Apparel,273,7,False,45-54 Tahun
#420,47,Male,Urban,26852.0,Travel,24,0,105.0,2028.0,Books,580,30,True,45-54 Tahun
#421,64,Female,Suburban,147282.0,Fashion,14,5,156.0,448.0,Health & Beauty,44,43,True,55-64 Tahun
#422,52,Male,Rural,114986.0,Travel,27,1,11.0,4377.0,Electronics,573,7,False,45-54 Tahun
#423,57,Female,Rural,22551.0,Sports,24,0,19.0,4832.0,Home & Kitchen,123,36,False,55-64 Tahun
#424,33,Female,Urban,91947.0,Food,8,1,187.0,1117.0,Electronics,349,29,True,25-34 Tahun
#425,30,Female,Rural,81001.0,Travel,29,5,134.0,2326.0,Health & Beauty,330,24,True,25-34 Tahun
#426,59,Female,Urban,69159.0,Food,7,3,90.0,4967.0,Health & Beauty,409,39,False,55-64 Tahun
#427,47,Female,Urban,142775.0,Travel,8,5,149.0,4224.0,Health & Beauty,323,4,False,45-54 Tahun
#428,36,Male,Urban,71707.0,Sports,13,8,79.0,2519.0,Health & Beauty,111,29,False,35-44 Tahun
#429,34,Female,Urban,53243.0,Fashion,6,9,159.0,1993.0,Apparel,89,44,False,25-34 Tahun
#430,36,Female,Urban,41800.0,Sports,18,9,41.0,3140.0,Home & Kitchen,433,5,True,35-44 Tahun
#431,45,Female,Rural,95939.0,Fashion,2,7,114.0,2168.0,Health & Beauty,99,29,True,45-54 Tahun
#432,43,Male,Suburban,77828.0,Fashion,8,0,93.0,1225.0,Health & Beauty,539,30,True,35-44 Tahun
#433,54,Female,Suburban,27239.0,Food,11,7,138.0,3217.0,Books,146,29,False,45-54 Tahun
#434,43,Male,Rural,26710.0,Sports,1,8,191.0,4261.0,Home & Kitchen,257,26,False,35-44 Tahun
#435,40,Female,Rural,41384.0,Travel,22,5,67.0,4142.0,Electronics,189,19,True,35-44 Tahun
#436,26,Female,Suburban,41038.0,Sports,29,9,155.0,4533.0,Home & Kitchen,240,26,True,25-34 Tahun
#437,29,Male,Suburban,60846.0,Food,6,4,143.0,2270.0,Home & Kitchen,503,37,True,25-34 Tahun
#438,18,Female,Suburban,107983.0,Fashion,16,5,54.0,546.0,Home & Kitchen,271,27,True,18-24 Tahun
#439,18,Male,Suburban,87821.0,Food,27,5,106.0,2758.0,Health & Beauty,520,30,True,18-24 Tahun
#440,64,Male,Suburban,57991.0,Technology,20,8,32.0,3462.0,Health & Beauty,550,30,True,55-64 Tahun
#441,51,Female,Urban,99057.0,Technology,12,3,32.0,2818.0,Apparel,114,3,False,45-54 Tahun
#442,49,Male,Rural,133193.0,Travel,11,1,163.0,3583.0,Electronics,339,43,True,45-54 Tahun
#443,42,Female,Urban,26971.0,Food,29,8,144.0,3044.0,Books,568,7,True,35-44 Tahun
#444,57,Female,Suburban,49139.0,Travel,27,1,88.0,4476.0,Home & Kitchen,359,49,True,55-64 Tahun
#445,62,Male,Suburban,105445.0,Travel,29,9,53.0,695.0,Electronics,334,9,True,55-64 Tahun
#446,18,Male,Suburban,97067.0,Technology,10,8,36.0,2086.0,Electronics,169,41,True,18-24 Tahun
#447,33,Male,Urban,100257.0,Travel,3,1,35.0,2850.0,Apparel,339,42,True,25-34 Tahun
#448,56,Male,Urban,104742.0,Technology,13,7,106.0,1174.0,Books,261,13,True,55-64 Tahun
#449,22,Female,Suburban,57711.0,Fashion,27,8,45.0,4069.0,Home & Kitchen,199,15,False,18-24 Tahun
#450,39,Female,Urban,26530.0,Food,3,9,118.0,4405.0,Books,211,5,True,35-44 Tahun
#451,46,Male,Urban,31116.0,Travel,15,8,64.0,4321.0,Apparel,287,29,False,45-54 Tahun
#452,20,Female,Suburban,85794.0,Technology,16,9,194.0,4687.0,Health & Beauty,472,35,False,18-24 Tahun
#453,29,Female,Urban,20282.0,Sports,29,8,78.0,3680.0,Electronics,482,27,False,25-34 Tahun
#454,43,Female,Rural,99473.0,Travel,13,1,70.0,3107.0,Home & Kitchen,23,27,True,35-44 Tahun
#455,33,Female,Rural,21898.0,Fashion,17,3,139.0,1069.0,Health & Beauty,560,8,True,25-34 Tahun
#456,54,Male,Rural,24135.0,Fashion,3,6,64.0,680.0,Apparel,109,32,True,45-54 Tahun
#457,39,Male,Rural,26629.0,Sports,20,1,131.0,2924.0,Books,296,20,True,35-44 Tahun
#458,46,Female,Suburban,129472.0,Technology,11,0,106.0,4101.0,Electronics,6,10,True,45-54 Tahun
#459,31,Male,Suburban,145147.0,Travel,27,2,89.0,1311.0,Home & Kitchen,550,13,True,25-34 Tahun
#460,45,Male,Suburban,105120.0,Technology,21,3,96.0,329.0,Health & Beauty,203,29,True,45-54 Tahun
#461,22,Male,Rural,139798.0,Fashion,19,7,47.0,4384.0,Health & Beauty,325,35,True,18-24 Tahun
#462,64,Female,Rural,109087.0,Technology,22,5,128.0,3285.0,Electronics,244,8,True,55-64 Tahun
#463,47,Female,Urban,85031.0,Fashion,11,1,87.0,601.0,Books,327,29,True,45-54 Tahun
#464,63,Female,Urban,53380.0,Technology,28,8,166.0,2232.0,Apparel,47,31,False,55-64 Tahun
#465,22,Male,Rural,149951.0,Sports,16,1,163.0,148.0,Books,591,41,True,18-24 Tahun
#466,29,Female,Rural,132507.0,Food,21,4,44.0,3666.0,Books,13,30,True,25-34 Tahun
#467,33,Female,Rural,37071.0,Sports,3,3,88.0,3155.0,Books,380,22,True,25-34 Tahun
#468,43,Male,Rural,40074.0,Sports,22,6,76.0,788.0,Electronics,365,21,False,35-44 Tahun
#469,43,Female,Urban,110724.0,Food,6,7,96.0,486.0,Electronics,342,12,True,35-44 Tahun
#470,38,Female,Rural,87843.0,Food,14,4,166.0,1069.0,Apparel,221,11,True,35-44 Tahun
#471,56,Male,Urban,59901.0,Travel,24,9,43.0,3560.0,Books,73,2,False,55-64 Tahun
#472,53,Male,Rural,31205.0,Travel,18,4,106.0,1105.0,Electronics,46,41,True,45-54 Tahun
#473,50,Male,Rural,75661.0,Sports,17,1,178.0,3152.0,Apparel,504,2,False,45-54 Tahun
#474,47,Female,Rural,144661.0,Sports,4,7,178.0,3517.0,Apparel,274,34,False,45-54 Tahun
#475,54,Female,Urban,25906.0,Fashion,23,1,160.0,2402.0,Books,555,3,False,45-54 Tahun
#476,40,Female,Urban,22591.0,Fashion,15,9,80.0,2383.0,Home & Kitchen,208,16,False,35-44 Tahun
#477,27,Male,Suburban,145576.0,Travel,11,5,12.0,1707.0,Books,124,4,True,25-34 Tahun
#478,22,Male,Rural,82987.0,Travel,26,7,67.0,4466.0,Home & Kitchen,10,23,False,18-24 Tahun
#479,53,Female,Suburban,83370.0,Fashion,3,5,41.0,222.0,Apparel,329,20,False,45-54 Tahun
#480,51,Female,Suburban,100685.0,Fashion,3,3,40.0,1380.0,Electronics,187,25,True,45-54 Tahun
#481,48,Male,Urban,130454.0,Technology,16,3,91.0,3827.0,Health & Beauty,543,30,True,45-54 Tahun
#482,27,Male,Urban,125487.0,Technology,5,5,52.0,358.0,Apparel,60,18,True,25-34 Tahun
#483,36,Male,Suburban,74400.0,Fashion,21,3,144.0,1047.0,Electronics,442,42,False,35-44 Tahun
#484,49,Male,Rural,45150.0,Technology,29,7,114.0,624.0,Apparel,217,11,True,45-54 Tahun
#485,18,Female,Urban,51852.0,Food,10,8,10.0,987.0,Books,2,29,False,18-24 Tahun
#486,22,Male,Rural,62870.0,Travel,19,0,70.0,307.0,Home & Kitchen,536,17,False,18-24 Tahun
#487,62,Female,Rural,139796.0,Travel,25,3,23.0,3482.0,Apparel,356,26,True,55-64 Tahun
#488,21,Female,Suburban,72756.0,Fashion,4,3,189.0,2894.0,Electronics,165,23,True,18-24 Tahun
#489,33,Female,Suburban,135357.0,Sports,29,1,15.0,248.0,Books,91,48,True,25-34 Tahun
#490,41,Male,Suburban,139052.0,Fashion,29,5,112.0,537.0,Health & Beauty,167,20,True,35-44 Tahun
#491,33,Male,Suburban,76481.0,Technology,19,2,19.0,2302.0,Books,207,45,True,25-34 Tahun
#492,19,Male,Urban,21283.0,Sports,11,6,80.0,3849.0,Home & Kitchen,282,2,True,18-24 Tahun
#493,45,Male,Urban,53691.0,Technology,2,4,99.0,3261.0,Books,65,24,False,45-54 Tahun
#494,49,Female,Suburban,21125.0,Food,10,3,167.0,4001.0,Health & Beauty,516,31,False,45-54 Tahun
#495,44,Male,Urban,87065.0,Technology,29,4,158.0,4553.0,Electronics,157,27,True,35-44 Tahun
#496,37,Male,Suburban,148734.0,Food,11,7,135.0,3345.0,Apparel,306,2,False,35-44 Tahun
#497,41,Female,Rural,46170.0,Food,25,2,197.0,4651.0,Home & Kitchen,395,14,False,35-44 Tahun
#498,29,Male,Rural,28438.0,Technology,20,6,106.0,2923.0,Health & Beauty,74,4,False,25-34 Tahun
#499,52,Female,Rural,40095.0,Technology,16,5,83.0,4824.0,Home & Kitchen,187,49,False,45-54 Tahun
#500,50,Female,Suburban,36154.0,Food,19,0,124.0,3370.0,Books,574,13,False,45-54 Tahun
#501,50,Female,Rural,28004.0,Sports,23,6,179.0,585.0,Home & Kitchen,337,36,False,45-54 Tahun
#502,60,Female,Urban,29752.0,Food,24,6,60.0,299.0,Health & Beauty,568,35,True,55-64 Tahun
#503,54,Female,Rural,75426.0,Travel,11,0,65.0,4566.0,Apparel,240,44,True,45-54 Tahun
#504,29,Female,Rural,128896.0,Food,14,8,50.0,2082.0,Apparel,533,8,True,25-34 Tahun
#505,20,Female,Rural,46819.0,Sports,2,5,41.0,1571.0,Home & Kitchen,141,2,False,18-24 Tahun
#506,18,Female,Urban,122168.0,Travel,23,1,24.0,4443.0,Electronics,265,6,True,18-24 Tahun
#507,50,Male,Suburban,112051.0,Fashion,28,4,71.0,4983.0,Home & Kitchen,139,31,True,45-54 Tahun
#508,57,Male,Urban,147905.0,Fashion,5,3,164.0,2411.0,Books,459,10,True,55-64 Tahun
#509,27,Male,Suburban,44217.0,Sports,27,6,37.0,3473.0,Apparel,70,44,False,25-34 Tahun
#510,60,Male,Suburban,145949.0,Food,5,7,73.0,2178.0,Apparel,385,21,True,55-64 Tahun
#511,61,Female,Rural,108708.0,Technology,19,0,196.0,1621.0,Apparel,198,42,False,55-64 Tahun
#512,46,Male,Suburban,52994.0,Sports,21,4,195.0,704.0,Electronics,205,10,True,45-54 Tahun
#513,30,Female,Urban,35036.0,Travel,12,2,139.0,3948.0,Electronics,568,23,True,25-34 Tahun
#514,29,Male,Urban,97275.0,Travel,18,0,136.0,3442.0,Health & Beauty,431,3,True,25-34 Tahun
#515,48,Male,Suburban,117756.0,Fashion,4,2,45.0,1517.0,Home & Kitchen,325,32,False,45-54 Tahun
#516,63,Male,Rural,69416.0,Travel,22,5,123.0,4697.0,Home & Kitchen,442,20,False,55-64 Tahun
#517,19,Female,Rural,29587.0,Sports,17,6,22.0,3975.0,Books,288,10,False,18-24 Tahun
#518,52,Male,Urban,130053.0,Travel,10,7,24.0,3033.0,Apparel,226,29,False,45-54 Tahun
#519,40,Female,Rural,115665.0,Sports,20,3,98.0,648.0,Electronics,64,41,False,35-44 Tahun
#520,34,Female,Suburban,20645.0,Technology,6,2,197.0,938.0,Books,560,46,True,25-34 Tahun
#521,43,Male,Suburban,50930.0,Fashion,25,4,31.0,3915.0,Books,498,34,True,35-44 Tahun
#522,25,Male,Urban,101835.0,Travel,14,8,83.0,947.0,Electronics,60,37,False,25-34 Tahun
#523,46,Male,Suburban,142232.0,Sports,11,5,34.0,4809.0,Home & Kitchen,397,20,False,45-54 Tahun
#524,43,Female,Urban,50090.0,Food,11,8,110.0,4607.0,Apparel,257,8,True,35-44 Tahun
#525,27,Male,Suburban,107489.0,Fashion,29,5,185.0,4873.0,Home & Kitchen,577,7,False,25-34 Tahun
#526,43,Female,Urban,72142.0,Technology,18,1,180.0,4354.0,Books,239,6,True,35-44 Tahun
#527,51,Female,Rural,131979.0,Sports,27,4,126.0,4568.0,Apparel,38,11,False,45-54 Tahun
#528,58,Male,Suburban,46475.0,Technology,23,8,175.0,2372.0,Health & Beauty,25,44,True,55-64 Tahun
#529,24,Male,Suburban,38888.0,Technology,22,7,50.0,3420.0,Books,410,18,False,18-24 Tahun
#530,21,Female,Urban,63732.0,Travel,18,6,182.0,2658.0,Home & Kitchen,461,42,False,18-24 Tahun
#531,62,Female,Urban,101623.0,Travel,24,0,97.0,4798.0,Home & Kitchen,571,29,True,55-64 Tahun
#532,28,Female,Suburban,66305.0,Sports,23,3,177.0,4411.0,Home & Kitchen,417,25,True,25-34 Tahun
#533,46,Male,Urban,66037.0,Food,11,6,119.0,2096.0,Electronics,357,21,False,45-54 Tahun
#534,53,Female,Suburban,29346.0,Sports,21,6,129.0,3773.0,Books,383,46,False,45-54 Tahun
#535,42,Male,Rural,20587.0,Food,12,5,106.0,1664.0,Apparel,158,3,True,35-44 Tahun
#536,38,Female,Urban,32763.0,Technology,5,7,154.0,4118.0,Home & Kitchen,569,18,False,35-44 Tahun
#537,53,Female,Suburban,79165.0,Fashion,23,5,66.0,1940.0,Home & Kitchen,433,24,True,45-54 Tahun
#538,27,Male,Rural,127481.0,Sports,9,9,139.0,3391.0,Electronics,48,47,True,25-34 Tahun
#539,54,Female,Rural,89615.0,Sports,27,2,105.0,2987.0,Apparel,328,38,False,45-54 Tahun
#540,26,Male,Suburban,56116.0,Food,25,3,130.0,826.0,Books,433,10,True,25-34 Tahun
#541,41,Male,Urban,140987.0,Technology,9,2,71.0,1344.0,Health & Beauty,431,27,True,35-44 Tahun
#542,52,Female,Suburban,105751.0,Technology,22,0,146.0,3560.0,Electronics,56,12,False,45-54 Tahun
#543,52,Male,Rural,111353.0,Food,10,9,77.0,3818.0,Books,577,7,True,45-54 Tahun
#544,53,Male,Suburban,110301.0,Technology,22,4,90.0,1165.0,Health & Beauty,268,17,True,45-54 Tahun
#545,35,Female,Urban,115648.0,Travel,19,0,26.0,4871.0,Home & Kitchen,69,1,True,35-44 Tahun
#546,56,Male,Rural,45556.0,Fashion,1,0,126.0,382.0,Home & Kitchen,449,26,True,55-64 Tahun
#547,49,Male,Suburban,79042.0,Sports,7,1,59.0,1181.0,Apparel,257,15,False,45-54 Tahun
#548,41,Male,Urban,38099.0,Fashion,4,3,121.0,3985.0,Health & Beauty,490,33,True,35-44 Tahun
#549,40,Female,Rural,129089.0,Sports,1,5,103.0,2981.0,Home & Kitchen,49,37,False,35-44 Tahun
#550,49,Male,Urban,65096.0,Travel,15,7,177.0,2684.0,Home & Kitchen,316,47,True,45-54 Tahun
#551,54,Female,Rural,91986.0,Technology,8,2,195.0,3070.0,Apparel,413,31,False,45-54 Tahun
#552,29,Female,Suburban,33230.0,Food,12,0,94.0,1252.0,Books,434,35,True,25-34 Tahun
#553,30,Male,Urban,49009.0,Travel,22,2,158.0,3597.0,Home & Kitchen,2,1,False,25-34 Tahun
#554,40,Male,Rural,90969.0,Fashion,22,2,155.0,1047.0,Electronics,145,8,True,35-44 Tahun
#555,42,Male,Urban,53866.0,Food,18,4,192.0,4860.0,Electronics,366,12,True,35-44 Tahun
#556,52,Female,Urban,125400.0,Technology,15,3,166.0,1817.0,Books,420,19,True,45-54 Tahun
#557,58,Male,Suburban,104246.0,Travel,17,3,161.0,166.0,Health & Beauty,573,25,True,55-64 Tahun
#558,47,Male,Urban,96975.0,Food,29,8,83.0,736.0,Apparel,561,32,False,45-54 Tahun
#559,34,Male,Rural,61855.0,Travel,14,6,118.0,413.0,Electronics,444,12,False,25-34 Tahun
#560,37,Male,Rural,101557.0,Travel,14,3,154.0,3497.0,Electronics,434,13,True,35-44 Tahun
#561,42,Male,Rural,26416.0,Technology,18,2,27.0,664.0,Books,555,28,False,35-44 Tahun
#562,39,Female,Rural,92516.0,Sports,20,5,51.0,1701.0,Health & Beauty,57,1,True,35-44 Tahun
#563,30,Female,Suburban,75915.0,Food,18,2,110.0,925.0,Health & Beauty,562,6,True,25-34 Tahun
#564,36,Male,Urban,38058.0,Technology,16,5,54.0,3770.0,Books,178,8,False,35-44 Tahun
#565,53,Male,Suburban,96637.0,Travel,1,8,91.0,1125.0,Electronics,293,4,False,45-54 Tahun
#566,29,Male,Urban,60718.0,Technology,23,5,26.0,2351.0,Apparel,46,5,False,25-34 Tahun
#567,58,Male,Urban,52602.0,Sports,27,3,82.0,4857.0,Electronics,170,25,True,55-64 Tahun
#568,36,Female,Urban,94658.0,Food,11,4,23.0,904.0,Health & Beauty,271,22,True,35-44 Tahun
#569,29,Male,Suburban,98112.0,Sports,15,5,186.0,2551.0,Electronics,417,28,False,25-34 Tahun
#570,26,Female,Urban,78067.0,Fashion,12,2,166.0,4731.0,Apparel,139,39,True,25-34 Tahun
#571,24,Female,Suburban,47516.0,Food,8,7,141.0,1491.0,Home & Kitchen,247,23,False,18-24 Tahun
#572,45,Male,Rural,149295.0,Sports,22,3,91.0,1335.0,Electronics,148,4,False,45-54 Tahun
#573,31,Female,Rural,107969.0,Travel,20,7,157.0,4132.0,Books,230,4,False,25-34 Tahun
#574,48,Female,Urban,21089.0,Food,6,9,129.0,3380.0,Home & Kitchen,374,47,False,45-54 Tahun
#575,36,Female,Suburban,57346.0,Food,3,9,129.0,4823.0,Books,80,21,False,35-44 Tahun
#576,64,Female,Rural,94663.0,Technology,28,2,56.0,4944.0,Books,65,37,False,55-64 Tahun
#577,33,Male,Suburban,30487.0,Travel,24,9,116.0,3649.0,Books,88,41,True,25-34 Tahun
#578,22,Male,Suburban,20155.0,Fashion,26,6,117.0,4300.0,Electronics,88,2,True,18-24 Tahun
#579,52,Female,Urban,143950.0,Sports,13,8,18.0,4241.0,Health & Beauty,204,7,False,45-54 Tahun
#580,29,Male,Rural,87494.0,Technology,13,3,88.0,1454.0,Home & Kitchen,382,49,False,25-34 Tahun
#581,42,Male,Urban,96229.0,Sports,2,7,164.0,1936.0,Apparel,476,16,False,35-44 Tahun
#582,38,Male,Urban,124648.0,Fashion,5,2,24.0,2992.0,Health & Beauty,573,17,True,35-44 Tahun
#583,53,Male,Rural,58547.0,Fashion,17,6,28.0,2596.0,Electronics,539,20,False,45-54 Tahun
#584,40,Male,Rural,48795.0,Food,6,2,99.0,2683.0,Books,214,23,False,35-44 Tahun
#585,33,Female,Suburban,75296.0,Fashion,2,6,189.0,2658.0,Apparel,74,34,False,25-34 Tahun
#586,56,Male,Rural,41447.0,Sports,4,9,35.0,3718.0,Home & Kitchen,61,11,True,55-64 Tahun
#587,62,Male,Suburban,56598.0,Travel,22,9,163.0,1659.0,Health & Beauty,543,34,False,55-64 Tahun
#588,59,Male,Suburban,61814.0,Travel,26,5,163.0,1607.0,Health & Beauty,219,33,True,55-64 Tahun
#589,56,Male,Suburban,110751.0,Food,11,1,183.0,4171.0,Apparel,12,26,True,55-64 Tahun
#590,31,Female,Rural,145118.0,Sports,8,2,101.0,2163.0,Electronics,415,2,False,25-34 Tahun
#591,48,Female,Urban,95330.0,Sports,12,5,186.0,3742.0,Home & Kitchen,32,23,True,45-54 Tahun
#592,22,Female,Suburban,141347.0,Fashion,8,3,91.0,2100.0,Apparel,160,41,True,18-24 Tahun
#593,52,Female,Urban,118745.0,Sports,11,5,190.0,1394.0,Books,237,22,True,45-54 Tahun
#594,40,Male,Urban,107960.0,Technology,22,0,140.0,4165.0,Home & Kitchen,181,34,False,35-44 Tahun
#595,46,Female,Rural,83278.0,Fashion,20,9,51.0,2852.0,Health & Beauty,558,15,True,45-54 Tahun
#596,60,Male,Urban,75077.0,Technology,8,0,28.0,1853.0,Apparel,341,10,False,55-64 Tahun
#597,28,Male,Urban,132782.0,Food,29,2,26.0,4310.0,Health & Beauty,458,15,False,25-34 Tahun
#598,35,Male,Rural,142046.0,Travel,8,7,170.0,1703.0,Health & Beauty,80,42,False,35-44 Tahun
#599,64,Male,Suburban,122932.0,Food,26,7,85.0,1422.0,Health & Beauty,473,29,True,55-64 Tahun
#600,29,Male,Urban,91906.0,Travel,17,3,186.0,2541.0,Electronics,112,23,False,25-34 Tahun
#601,26,Female,Rural,29528.0,Food,20,5,193.0,1198.0,Health & Beauty,292,17,True,25-34 Tahun
#602,27,Female,Urban,113812.0,Sports,20,7,72.0,1605.0,Books,383,9,True,25-34 Tahun
#603,61,Female,Urban,70100.0,Technology,23,6,140.0,1226.0,Books,17,36,True,55-64 Tahun
#604,34,Female,Suburban,129869.0,Travel,16,6,116.0,396.0,Home & Kitchen,493,9,True,25-34 Tahun
#605,55,Male,Urban,28179.0,Fashion,14,3,58.0,3149.0,Health & Beauty,331,16,False,55-64 Tahun
#606,24,Female,Rural,68781.0,Technology,11,8,64.0,2325.0,Health & Beauty,486,36,False,18-24 Tahun
#607,63,Male,Urban,75267.0,Fashion,7,9,163.0,4454.0,Apparel,406,48,True,55-64 Tahun
#608,30,Female,Suburban,102379.0,Technology,16,5,108.0,3887.0,Electronics,117,33,False,25-34 Tahun
#609,57,Male,Suburban,43952.0,Technology,13,2,61.0,2196.0,Home & Kitchen,555,31,False,55-64 Tahun
#610,59,Male,Rural,73798.0,Food,27,4,109.0,3709.0,Health & Beauty,115,6,False,55-64 Tahun
#611,26,Female,Suburban,118696.0,Travel,15,4,126.0,2308.0,Apparel,549,10,True,25-34 Tahun
#612,44,Male,Urban,130434.0,Travel,24,4,127.0,275.0,Electronics,547,16,False,35-44 Tahun
#613,19,Male,Suburban,70939.0,Technology,16,7,16.0,2602.0,Home & Kitchen,336,4,True,18-24 Tahun
#614,22,Female,Rural,49516.0,Sports,27,8,55.0,4099.0,Home & Kitchen,336,22,False,18-24 Tahun
#615,46,Male,Suburban,76526.0,Sports,21,8,55.0,1767.0,Health & Beauty,147,13,True,45-54 Tahun
#616,54,Female,Suburban,30449.0,Fashion,23,5,109.0,4471.0,Home & Kitchen,122,16,True,45-54 Tahun
#617,55,Female,Suburban,70290.0,Fashion,24,5,153.0,2645.0,Apparel,81,29,True,55-64 Tahun
#618,36,Female,Rural,146688.0,Food,9,8,161.0,775.0,Home & Kitchen,375,6,False,35-44 Tahun
#619,25,Male,Suburban,106661.0,Technology,3,3,198.0,1923.0,Books,570,26,True,25-34 Tahun
#620,62,Male,Suburban,92954.0,Fashion,19,5,63.0,1456.0,Apparel,63,11,False,55-64 Tahun
#621,18,Male,Urban,42746.0,Fashion,20,3,71.0,3172.0,Electronics,504,24,True,18-24 Tahun
#622,39,Female,Rural,87990.0,Technology,5,0,138.0,3359.0,Electronics,449,29,False,35-44 Tahun
#623,34,Male,Suburban,78810.0,Food,10,6,58.0,646.0,Health & Beauty,428,3,True,25-34 Tahun
#624,24,Female,Rural,138362.0,Fashion,17,9,34.0,2183.0,Health & Beauty,427,10,False,18-24 Tahun
#625,42,Female,Suburban,103297.0,Food,15,5,19.0,2140.0,Books,421,1,True,35-44 Tahun
#626,62,Male,Suburban,35223.0,Travel,23,8,127.0,4634.0,Electronics,322,43,True,55-64 Tahun
#627,21,Female,Suburban,92237.0,Food,25,6,153.0,1852.0,Electronics,166,26,True,18-24 Tahun
#628,53,Male,Urban,22597.0,Sports,8,6,195.0,1715.0,Electronics,597,12,False,45-54 Tahun
#629,23,Male,Urban,85677.0,Sports,15,1,166.0,1949.0,Electronics,461,14,True,18-24 Tahun
#630,48,Male,Urban,22659.0,Food,21,8,101.0,2742.0,Home & Kitchen,459,25,True,45-54 Tahun
#631,36,Male,Rural,106516.0,Sports,14,9,143.0,1700.0,Apparel,189,8,True,35-44 Tahun
#632,61,Male,Rural,94567.0,Travel,20,8,153.0,3496.0,Apparel,464,43,True,55-64 Tahun
#633,56,Female,Urban,35037.0,Technology,28,5,157.0,4502.0,Books,379,4,False,55-64 Tahun
#634,44,Female,Rural,146498.0,Sports,7,2,89.0,3705.0,Home & Kitchen,2,28,True,35-44 Tahun
#635,27,Female,Suburban,66738.0,Sports,21,0,80.0,3899.0,Electronics,364,7,True,25-34 Tahun
#636,43,Male,Suburban,123965.0,Food,23,3,87.0,718.0,Electronics,72,10,False,35-44 Tahun
#637,36,Male,Suburban,91678.0,Travel,12,2,52.0,1232.0,Health & Beauty,427,36,False,35-44 Tahun
#638,56,Male,Urban,32109.0,Technology,17,0,163.0,2215.0,Health & Beauty,170,2,False,55-64 Tahun
#639,20,Female,Rural,42010.0,Food,17,2,99.0,2439.0,Books,205,26,True,18-24 Tahun
#640,62,Male,Urban,28787.0,Food,10,3,87.0,2839.0,Electronics,337,14,False,55-64 Tahun
#641,30,Female,Rural,128400.0,Travel,29,7,170.0,4376.0,Books,472,16,False,25-34 Tahun
#642,45,Female,Suburban,28472.0,Technology,19,8,35.0,1587.0,Home & Kitchen,195,43,False,45-54 Tahun
#643,37,Male,Urban,135111.0,Travel,14,2,130.0,1657.0,Apparel,275,42,True,35-44 Tahun
#644,45,Male,Rural,43383.0,Technology,11,5,54.0,2213.0,Electronics,7,17,True,45-54 Tahun
#645,25,Female,Rural,81709.0,Travel,2,9,72.0,1144.0,Home & Kitchen,566,46,True,25-34 Tahun
#646,58,Male,Suburban,89785.0,Food,18,4,189.0,2531.0,Electronics,573,22,False,55-64 Tahun
#647,56,Female,Urban,133253.0,Food,7,5,77.0,1682.0,Health & Beauty,599,4,True,55-64 Tahun
#648,18,Male,Urban,54518.0,Fashion,12,3,163.0,1408.0,Books,178,19,False,18-24 Tahun
#649,20,Male,Urban,73909.0,Sports,26,9,11.0,701.0,Health & Beauty,242,2,False,18-24 Tahun
#650,30,Female,Suburban,38351.0,Travel,2,5,151.0,1720.0,Apparel,203,39,False,25-34 Tahun
#651,45,Male,Urban,89624.0,Fashion,27,6,117.0,4980.0,Health & Beauty,543,9,True,45-54 Tahun
#652,42,Female,Suburban,73330.0,Sports,20,8,39.0,4866.0,Electronics,462,19,False,35-44 Tahun
#653,50,Male,Suburban,142477.0,Travel,18,9,58.0,200.0,Health & Beauty,80,16,False,45-54 Tahun
#654,55,Female,Suburban,35282.0,Technology,6,6,149.0,4371.0,Electronics,523,25,True,55-64 Tahun
#655,23,Female,Rural,104866.0,Sports,24,5,53.0,337.0,Apparel,417,48,False,18-24 Tahun
#656,61,Male,Urban,127945.0,Food,10,0,170.0,4125.0,Health & Beauty,384,18,False,55-64 Tahun
#657,62,Female,Urban,41778.0,Fashion,20,1,22.0,3018.0,Books,391,23,False,55-64 Tahun
#658,49,Male,Suburban,44264.0,Sports,15,0,87.0,2642.0,Books,126,21,True,45-54 Tahun
#659,62,Male,Suburban,79675.0,Sports,5,8,135.0,2103.0,Books,494,11,False,55-64 Tahun
#660,64,Male,Urban,25075.0,Food,20,9,107.0,1637.0,Health & Beauty,47,39,True,55-64 Tahun
#661,38,Female,Suburban,95948.0,Travel,3,9,35.0,854.0,Health & Beauty,476,41,True,35-44 Tahun
#662,33,Female,Urban,68454.0,Technology,5,8,158.0,3468.0,Health & Beauty,464,4,False,25-34 Tahun
#663,38,Male,Rural,48365.0,Food,25,6,165.0,2358.0,Electronics,123,25,False,35-44 Tahun
#664,28,Male,Suburban,92766.0,Technology,8,1,57.0,3765.0,Apparel,474,32,False,25-34 Tahun
#665,54,Female,Urban,68200.0,Travel,8,5,177.0,4335.0,Books,134,30,False,45-54 Tahun
#666,53,Male,Suburban,31002.0,Sports,8,3,75.0,640.0,Electronics,562,45,True,45-54 Tahun
#667,52,Male,Urban,33947.0,Technology,12,0,96.0,369.0,Books,23,26,True,45-54 Tahun
#668,36,Female,Urban,99222.0,Fashion,24,0,88.0,3560.0,Electronics,566,36,False,35-44 Tahun
#669,37,Male,Suburban,114840.0,Fashion,23,4,32.0,3508.0,Health & Beauty,235,34,True,35-44 Tahun
#670,35,Female,Rural,136219.0,Food,8,1,90.0,605.0,Books,59,9,False,35-44 Tahun
#671,64,Male,Urban,98610.0,Travel,11,3,57.0,1229.0,Health & Beauty,164,12,False,55-64 Tahun
#672,58,Female,Urban,72142.0,Food,14,0,133.0,2179.0,Books,216,2,False,55-64 Tahun
#673,31,Male,Urban,76307.0,Food,8,3,139.0,3245.0,Home & Kitchen,183,38,False,25-34 Tahun
#674,32,Male,Rural,24493.0,Food,29,5,93.0,3342.0,Electronics,569,5,True,25-34 Tahun
#675,48,Female,Rural,144023.0,Fashion,24,9,29.0,461.0,Home & Kitchen,90,5,True,45-54 Tahun
#676,18,Male,Suburban,70085.0,Fashion,28,3,196.0,3820.0,Electronics,311,22,False,18-24 Tahun
#677,20,Female,Rural,54228.0,Food,10,0,55.0,1556.0,Apparel,557,5,False,18-24 Tahun
#678,33,Male,Suburban,99676.0,Fashion,7,6,140.0,4167.0,Books,257,4,True,25-34 Tahun
#679,40,Female,Suburban,71875.0,Travel,28,1,192.0,4295.0,Apparel,533,9,True,35-44 Tahun
#680,28,Female,Rural,51655.0,Food,17,8,21.0,1781.0,Apparel,533,29,True,25-34 Tahun
#681,29,Female,Suburban,63472.0,Fashion,4,2,49.0,1152.0,Electronics,52,22,False,25-34 Tahun
#682,27,Female,Rural,69437.0,Technology,29,7,75.0,2609.0,Home & Kitchen,338,27,True,25-34 Tahun
#683,49,Male,Suburban,69416.0,Food,13,7,109.0,4827.0,Health & Beauty,171,10,False,45-54 Tahun
#684,33,Male,Rural,79711.0,Food,4,2,87.0,781.0,Electronics,67,16,False,25-34 Tahun
#685,25,Female,Rural,26816.0,Travel,5,3,25.0,4032.0,Health & Beauty,300,42,True,25-34 Tahun
#686,55,Female,Suburban,97175.0,Sports,26,1,92.0,2229.0,Apparel,232,42,False,55-64 Tahun
#687,29,Female,Urban,84307.0,Sports,22,3,171.0,4949.0,Health & Beauty,68,10,True,25-34 Tahun
#688,41,Male,Suburban,132728.0,Travel,4,8,53.0,4116.0,Home & Kitchen,506,6,False,35-44 Tahun
#689,45,Male,Rural,66733.0,Travel,18,1,143.0,3402.0,Electronics,28,49,False,45-54 Tahun
#690,25,Male,Urban,148202.0,Travel,6,2,109.0,819.0,Home & Kitchen,51,5,False,25-34 Tahun
#691,45,Male,Suburban,115028.0,Sports,24,3,31.0,174.0,Home & Kitchen,260,6,False,45-54 Tahun
#692,53,Female,Suburban,136450.0,Travel,24,4,27.0,1393.0,Electronics,591,47,False,45-54 Tahun
#693,43,Female,Suburban,31240.0,Fashion,23,0,21.0,2022.0,Home & Kitchen,586,25,False,35-44 Tahun
#694,25,Female,Urban,118234.0,Food,22,6,189.0,4257.0,Books,184,4,True,25-34 Tahun
#695,45,Male,Rural,112493.0,Food,2,9,132.0,419.0,Books,23,40,True,45-54 Tahun
#696,45,Male,Suburban,145149.0,Technology,23,6,126.0,2249.0,Books,129,48,False,45-54 Tahun
#697,54,Male,Suburban,118344.0,Technology,11,8,60.0,1552.0,Health & Beauty,291,32,True,45-54 Tahun
#698,58,Female,Suburban,91363.0,Food,28,3,80.0,1655.0,Home & Kitchen,501,35,False,55-64 Tahun
#699,53,Female,Suburban,52762.0,Fashion,14,5,57.0,4307.0,Electronics,186,10,True,45-54 Tahun
#700,44,Male,Suburban,28259.0,Sports,5,1,28.0,3132.0,Electronics,479,34,True,35-44 Tahun
#701,34,Female,Rural,70139.0,Sports,6,3,15.0,560.0,Health & Beauty,571,36,False,25-34 Tahun
#702,26,Male,Rural,148775.0,Fashion,10,1,93.0,986.0,Electronics,492,6,True,25-34 Tahun
#703,50,Male,Suburban,34849.0,Sports,8,9,164.0,3633.0,Books,513,43,False,45-54 Tahun
#704,37,Female,Urban,101768.0,Travel,14,4,62.0,4036.0,Home & Kitchen,67,46,True,35-44 Tahun
#705,30,Male,Rural,126108.0,Food,24,6,116.0,1215.0,Electronics,467,16,False,25-34 Tahun
#706,45,Female,Urban,109709.0,Food,3,0,110.0,1175.0,Electronics,285,19,True,45-54 Tahun
#707,46,Male,Rural,74869.0,Fashion,12,9,57.0,3976.0,Apparel,417,34,False,45-54 Tahun
#708,30,Female,Suburban,146888.0,Sports,16,9,144.0,4715.0,Apparel,100,25,True,25-34 Tahun
#709,63,Female,Rural,83095.0,Technology,28,6,196.0,2024.0,Apparel,189,31,False,55-64 Tahun
#710,52,Female,Suburban,137886.0,Technology,23,9,78.0,1026.0,Home & Kitchen,388,49,True,45-54 Tahun
#711,23,Male,Rural,90910.0,Sports,17,5,20.0,4752.0,Books,241,41,False,18-24 Tahun
#712,35,Male,Suburban,106710.0,Technology,1,5,152.0,2381.0,Books,417,17,True,35-44 Tahun
#713,22,Female,Suburban,43567.0,Fashion,23,7,140.0,1155.0,Books,176,47,False,18-24 Tahun
#714,64,Female,Suburban,55292.0,Fashion,10,7,131.0,4774.0,Home & Kitchen,387,30,True,55-64 Tahun
#715,42,Male,Suburban,94813.0,Sports,25,5,78.0,641.0,Home & Kitchen,471,39,False,35-44 Tahun
#716,19,Male,Urban,117136.0,Technology,23,2,32.0,2261.0,Apparel,233,31,False,18-24 Tahun
#717,27,Male,Suburban,71631.0,Fashion,10,4,190.0,2351.0,Electronics,452,19,False,25-34 Tahun
#718,47,Female,Urban,29885.0,Fashion,21,1,46.0,1152.0,Health & Beauty,277,35,False,45-54 Tahun
#719,62,Male,Urban,79659.0,Travel,24,4,18.0,4669.0,Health & Beauty,229,29,True,55-64 Tahun
#720,22,Male,Suburban,74306.0,Travel,2,8,24.0,2844.0,Electronics,171,1,True,18-24 Tahun
#721,50,Female,Urban,86314.0,Fashion,9,9,140.0,3969.0,Apparel,213,4,True,45-54 Tahun
#722,18,Male,Rural,85087.0,Sports,22,0,102.0,4581.0,Electronics,282,28,False,18-24 Tahun
#723,35,Male,Suburban,49165.0,Food,13,9,26.0,4257.0,Electronics,41,18,False,35-44 Tahun
#724,49,Male,Urban,78929.0,Food,25,4,163.0,4710.0,Health & Beauty,122,26,False,45-54 Tahun
#725,64,Female,Suburban,87028.0,Fashion,16,5,158.0,4625.0,Apparel,227,40,False,55-64 Tahun
#726,28,Female,Suburban,115998.0,Fashion,18,6,81.0,4775.0,Home & Kitchen,294,19,False,25-34 Tahun
#727,38,Female,Suburban,69812.0,Fashion,19,8,158.0,1660.0,Health & Beauty,267,6,True,35-44 Tahun
#728,43,Female,Urban,70500.0,Sports,12,5,130.0,3862.0,Home & Kitchen,541,1,True,35-44 Tahun
#729,42,Female,Rural,99151.0,Travel,8,4,20.0,1264.0,Apparel,451,8,True,35-44 Tahun
#730,39,Female,Rural,78643.0,Fashion,17,6,175.0,2822.0,Electronics,449,33,False,35-44 Tahun
#731,44,Female,Urban,64900.0,Fashion,15,0,81.0,2458.0,Books,61,43,False,35-44 Tahun
#732,30,Male,Suburban,62946.0,Technology,10,4,115.0,570.0,Books,502,21,False,25-34 Tahun
#733,50,Male,Urban,27851.0,Sports,15,1,134.0,1516.0,Apparel,147,24,False,45-54 Tahun
#734,51,Female,Urban,36288.0,Fashion,15,3,44.0,1568.0,Books,334,25,False,45-54 Tahun
#735,58,Male,Urban,92692.0,Technology,23,6,128.0,908.0,Home & Kitchen,142,47,False,55-64 Tahun
#736,52,Male,Suburban,87580.0,Food,7,4,23.0,271.0,Books,44,43,False,45-54 Tahun
#737,18,Female,Urban,27368.0,Fashion,13,5,23.0,4226.0,Apparel,144,19,True,18-24 Tahun
#738,38,Male,Suburban,105436.0,Fashion,17,1,19.0,4242.0,Apparel,333,29,True,35-44 Tahun
#739,23,Male,Urban,116136.0,Technology,9,2,149.0,4325.0,Home & Kitchen,497,10,False,18-24 Tahun
#740,45,Male,Rural,66403.0,Sports,8,6,47.0,2499.0,Books,396,12,False,45-54 Tahun
#741,34,Male,Urban,111170.0,Fashion,20,1,117.0,1745.0,Books,55,33,False,25-34 Tahun
#742,22,Male,Urban,29168.0,Food,26,5,128.0,157.0,Electronics,307,7,True,18-24 Tahun
#743,48,Female,Rural,106497.0,Fashion,27,4,43.0,1229.0,Health & Beauty,423,17,True,45-54 Tahun
#744,22,Female,Suburban,69879.0,Food,21,9,178.0,1453.0,Apparel,417,10,False,18-24 Tahun
#745,55,Female,Suburban,79871.0,Travel,18,0,19.0,867.0,Electronics,325,31,True,55-64 Tahun
#746,20,Male,Urban,129632.0,Travel,13,9,131.0,3995.0,Apparel,80,6,True,18-24 Tahun
#747,40,Female,Rural,131623.0,Food,16,3,154.0,782.0,Electronics,31,17,True,35-44 Tahun
#748,54,Male,Suburban,109388.0,Sports,9,1,154.0,3554.0,Health & Beauty,112,37,False,45-54 Tahun
#749,54,Male,Urban,118646.0,Fashion,12,3,199.0,2108.0,Electronics,558,18,True,45-54 Tahun
#750,27,Male,Rural,52174.0,Fashion,12,0,124.0,3242.0,Apparel,564,26,True,25-34 Tahun
#751,27,Male,Suburban,119751.0,Travel,6,1,10.0,1890.0,Books,472,49,False,25-34 Tahun
#752,36,Female,Suburban,112491.0,Food,19,7,21.0,1577.0,Apparel,74,16,False,35-44 Tahun
#753,34,Female,Rural,26581.0,Fashion,28,5,112.0,985.0,Home & Kitchen,553,8,True,25-34 Tahun
#754,38,Male,Rural,130155.0,Fashion,7,1,13.0,4006.0,Home & Kitchen,479,24,False,35-44 Tahun
#755,31,Female,Rural,91853.0,Sports,25,5,179.0,4592.0,Home & Kitchen,589,13,True,25-34 Tahun
#756,26,Male,Rural,84046.0,Technology,3,9,150.0,1638.0,Home & Kitchen,387,29,True,25-34 Tahun
#757,63,Female,Urban,69678.0,Travel,16,8,107.0,2173.0,Health & Beauty,564,32,False,55-64 Tahun
#758,18,Female,Rural,128392.0,Travel,18,6,115.0,412.0,Books,433,24,False,18-24 Tahun
#759,62,Male,Suburban,131250.0,Technology,16,8,94.0,910.0,Books,412,16,True,55-64 Tahun
#760,30,Female,Suburban,46649.0,Fashion,23,4,130.0,2335.0,Apparel,467,11,False,25-34 Tahun
#761,21,Male,Urban,147795.0,Sports,7,6,141.0,2957.0,Electronics,599,32,False,18-24 Tahun
#762,18,Female,Suburban,108668.0,Sports,4,6,91.0,2863.0,Apparel,248,6,True,18-24 Tahun
#763,57,Male,Suburban,102325.0,Travel,27,2,28.0,2132.0,Apparel,581,35,True,55-64 Tahun
#764,49,Male,Rural,34567.0,Sports,25,6,139.0,1607.0,Apparel,120,33,True,45-54 Tahun
#765,51,Female,Suburban,100404.0,Technology,8,0,21.0,4645.0,Apparel,67,18,True,45-54 Tahun
#766,45,Female,Urban,109906.0,Fashion,13,8,90.0,2670.0,Books,573,37,True,45-54 Tahun
#767,48,Male,Rural,128069.0,Technology,13,9,83.0,1994.0,Electronics,327,13,True,45-54 Tahun
#768,25,Female,Rural,116019.0,Food,17,5,107.0,2805.0,Apparel,470,10,False,25-34 Tahun
#769,56,Female,Urban,81944.0,Travel,17,4,15.0,696.0,Books,493,37,False,55-64 Tahun
#770,43,Male,Rural,138428.0,Sports,5,6,145.0,2247.0,Apparel,286,26,True,35-44 Tahun
#771,51,Male,Rural,98002.0,Food,6,4,134.0,715.0,Home & Kitchen,312,46,False,45-54 Tahun
#772,20,Female,Urban,48803.0,Sports,19,9,60.0,1047.0,Apparel,309,17,False,18-24 Tahun
#773,29,Male,Rural,38230.0,Fashion,13,4,20.0,4751.0,Apparel,97,1,True,25-34 Tahun
#774,18,Male,Urban,37862.0,Fashion,25,9,194.0,4473.0,Health & Beauty,113,25,False,18-24 Tahun
#775,61,Male,Urban,63355.0,Fashion,28,6,136.0,3864.0,Home & Kitchen,456,34,False,55-64 Tahun
#776,22,Female,Suburban,51259.0,Sports,26,9,149.0,2113.0,Electronics,463,39,True,18-24 Tahun
#777,47,Female,Suburban,119075.0,Food,14,6,82.0,3797.0,Apparel,132,10,False,45-54 Tahun
#778,47,Male,Rural,107445.0,Fashion,22,2,11.0,590.0,Electronics,121,20,False,45-54 Tahun
#779,34,Female,Rural,50795.0,Food,4,2,17.0,4450.0,Home & Kitchen,197,7,True,25-34 Tahun
#780,64,Male,Urban,134604.0,Sports,28,9,148.0,2528.0,Apparel,482,16,False,55-64 Tahun
#781,40,Female,Rural,28770.0,Food,7,2,133.0,641.0,Health & Beauty,39,37,False,35-44 Tahun
#782,32,Male,Urban,31093.0,Sports,8,5,62.0,1387.0,Books,566,29,False,25-34 Tahun
#783,54,Male,Urban,66571.0,Sports,25,5,19.0,1733.0,Health & Beauty,512,12,True,45-54 Tahun
#784,38,Female,Rural,20193.0,Travel,13,2,121.0,3026.0,Health & Beauty,474,17,True,35-44 Tahun
#785,31,Male,Urban,120311.0,Sports,27,2,17.0,1452.0,Books,161,48,False,25-34 Tahun
#786,19,Female,Suburban,37569.0,Sports,6,7,45.0,4476.0,Books,289,20,False,18-24 Tahun
#787,28,Female,Rural,137082.0,Technology,6,7,115.0,1398.0,Books,200,26,True,25-34 Tahun
#788,56,Male,Suburban,31190.0,Fashion,24,6,23.0,4968.0,Apparel,528,48,True,55-64 Tahun
#789,55,Male,Rural,82824.0,Travel,28,9,191.0,4067.0,Electronics,503,19,False,55-64 Tahun
#790,51,Female,Urban,62752.0,Travel,21,3,95.0,4523.0,Electronics,248,47,True,45-54 Tahun
#791,55,Male,Rural,52327.0,Travel,3,3,158.0,2358.0,Books,383,12,False,55-64 Tahun
#792,51,Male,Suburban,62070.0,Technology,28,2,59.0,4747.0,Health & Beauty,218,21,False,45-54 Tahun
#793,35,Male,Urban,105925.0,Sports,3,4,176.0,2173.0,Home & Kitchen,87,42,True,35-44 Tahun
#794,47,Male,Rural,60197.0,Fashion,13,2,29.0,801.0,Books,82,34,True,45-54 Tahun
#795,32,Male,Rural,22261.0,Food,22,7,96.0,2019.0,Health & Beauty,62,7,False,25-34 Tahun
#796,44,Female,Rural,138424.0,Sports,2,6,144.0,2560.0,Health & Beauty,500,45,False,35-44 Tahun
#797,51,Female,Suburban,113905.0,Technology,16,2,146.0,4362.0,Apparel,42,35,True,45-54 Tahun
#798,55,Male,Suburban,46512.0,Sports,22,8,138.0,4364.0,Apparel,12,15,False,55-64 Tahun
#799,50,Male,Rural,26716.0,Sports,29,4,163.0,4424.0,Electronics,115,1,True,45-54 Tahun
#800,41,Male,Urban,106795.0,Technology,6,8,175.0,466.0,Electronics,218,26,True,35-44 Tahun
#801,32,Female,Urban,48933.0,Travel,8,6,47.0,627.0,Home & Kitchen,106,35,True,25-34 Tahun
#802,47,Male,Suburban,127225.0,Travel,23,6,198.0,4986.0,Home & Kitchen,528,25,True,45-54 Tahun
#803,59,Female,Urban,24378.0,Fashion,8,5,53.0,3818.0,Home & Kitchen,472,42,True,55-64 Tahun
#804,34,Female,Suburban,60583.0,Fashion,25,1,95.0,3709.0,Home & Kitchen,387,15,False,25-34 Tahun
#805,22,Female,Rural,132082.0,Travel,6,8,53.0,4035.0,Health & Beauty,226,22,True,18-24 Tahun
#806,46,Male,Suburban,105371.0,Food,14,5,83.0,4719.0,Health & Beauty,481,6,True,45-54 Tahun
#807,21,Female,Suburban,49033.0,Sports,3,7,128.0,2253.0,Electronics,408,15,True,18-24 Tahun
#808,27,Male,Rural,44000.0,Food,10,0,199.0,2008.0,Apparel,457,24,True,25-34 Tahun
#809,34,Female,Urban,131032.0,Sports,3,4,131.0,3112.0,Apparel,21,21,True,25-34 Tahun
#810,27,Male,Suburban,95868.0,Travel,27,0,143.0,4328.0,Books,203,7,True,25-34 Tahun
#811,34,Female,Suburban,62604.0,Fashion,12,9,154.0,3122.0,Health & Beauty,417,29,True,25-34 Tahun
#812,37,Male,Rural,88336.0,Fashion,17,7,60.0,3583.0,Home & Kitchen,416,32,False,35-44 Tahun
#813,41,Female,Urban,115074.0,Food,27,7,47.0,2820.0,Home & Kitchen,448,32,False,35-44 Tahun
#814,22,Male,Suburban,115655.0,Fashion,29,0,161.0,1870.0,Books,512,5,False,18-24 Tahun
#815,51,Male,Rural,93869.0,Travel,5,8,60.0,4213.0,Apparel,85,4,False,45-54 Tahun
#816,23,Male,Suburban,25410.0,Food,20,1,19.0,1877.0,Home & Kitchen,167,22,True,18-24 Tahun
#817,19,Male,Rural,103375.0,Sports,25,8,129.0,4312.0,Apparel,384,18,False,18-24 Tahun
#818,30,Female,Urban,76044.0,Fashion,9,0,158.0,897.0,Books,468,35,True,25-34 Tahun
#819,60,Female,Urban,83315.0,Technology,21,9,79.0,3315.0,Apparel,72,17,False,55-64 Tahun
#820,60,Male,Urban,116055.0,Fashion,26,8,94.0,3888.0,Apparel,521,24,False,55-64 Tahun
#821,28,Female,Urban,91344.0,Sports,20,3,66.0,3076.0,Apparel,473,2,True,25-34 Tahun
#822,64,Male,Suburban,26796.0,Food,7,8,135.0,3837.0,Home & Kitchen,258,13,True,55-64 Tahun
#823,40,Male,Suburban,106716.0,Sports,22,6,48.0,1811.0,Electronics,275,15,False,35-44 Tahun
#824,33,Female,Urban,74245.0,Technology,4,5,42.0,852.0,Health & Beauty,20,5,False,25-34 Tahun
#825,48,Male,Urban,63056.0,Travel,13,4,196.0,2569.0,Apparel,490,3,False,45-54 Tahun
#826,28,Male,Urban,37709.0,Fashion,13,8,27.0,4069.0,Apparel,490,37,False,25-34 Tahun
#827,33,Female,Suburban,139664.0,Food,10,1,193.0,1492.0,Apparel,326,37,True,25-34 Tahun
#828,25,Male,Urban,78557.0,Travel,18,1,66.0,2705.0,Electronics,529,37,False,25-34 Tahun
#829,21,Male,Urban,37543.0,Sports,17,8,105.0,777.0,Books,89,3,False,18-24 Tahun
#830,57,Male,Urban,57418.0,Food,20,2,57.0,205.0,Home & Kitchen,486,35,False,55-64 Tahun
#831,21,Male,Rural,114611.0,Travel,20,7,51.0,3387.0,Electronics,350,23,False,18-24 Tahun
#832,42,Female,Urban,123291.0,Food,13,8,36.0,4853.0,Apparel,84,28,False,35-44 Tahun
#833,20,Female,Rural,133504.0,Technology,17,7,83.0,2046.0,Electronics,387,30,True,18-24 Tahun
#834,49,Female,Rural,123001.0,Technology,22,3,119.0,1195.0,Electronics,87,18,True,45-54 Tahun
#835,20,Male,Urban,116038.0,Fashion,4,0,189.0,1882.0,Electronics,307,36,True,18-24 Tahun
#836,44,Male,Rural,36724.0,Fashion,1,3,179.0,4641.0,Books,154,33,True,35-44 Tahun
#837,46,Female,Urban,23828.0,Technology,1,8,41.0,3357.0,Health & Beauty,440,26,True,45-54 Tahun
#838,49,Male,Suburban,136656.0,Food,15,1,35.0,2097.0,Home & Kitchen,264,48,False,45-54 Tahun
#839,36,Male,Suburban,37087.0,Technology,13,2,34.0,4969.0,Books,421,40,True,35-44 Tahun
#840,38,Male,Suburban,32605.0,Fashion,17,9,84.0,1661.0,Books,493,17,True,35-44 Tahun
#841,22,Male,Suburban,51337.0,Technology,24,7,32.0,4106.0,Health & Beauty,411,40,False,18-24 Tahun
#842,35,Female,Rural,25482.0,Technology,26,5,66.0,1775.0,Books,173,7,True,35-44 Tahun
#843,45,Female,Urban,85333.0,Food,8,7,189.0,1222.0,Electronics,4,8,True,45-54 Tahun
#844,59,Female,Urban,112541.0,Travel,18,6,135.0,4081.0,Electronics,472,31,True,55-64 Tahun
#845,39,Male,Urban,108296.0,Fashion,27,4,96.0,1401.0,Apparel,110,12,True,35-44 Tahun
#846,38,Female,Suburban,70952.0,Food,13,8,40.0,1043.0,Books,37,48,False,35-44 Tahun
#847,23,Female,Suburban,25463.0,Technology,23,3,73.0,4650.0,Apparel,583,31,False,18-24 Tahun
#848,18,Male,Urban,132164.0,Technology,14,5,42.0,1045.0,Home & Kitchen,31,44,True,18-24 Tahun
#849,22,Male,Suburban,90448.0,Travel,8,1,11.0,700.0,Electronics,381,19,False,18-24 Tahun
#850,58,Female,Urban,24648.0,Fashion,8,1,27.0,2800.0,Home & Kitchen,268,10,True,55-64 Tahun
#851,29,Female,Urban,53623.0,Fashion,27,1,184.0,4920.0,Health & Beauty,11,39,False,25-34 Tahun
#852,43,Female,Urban,79156.0,Sports,26,9,170.0,1517.0,Electronics,344,12,False,35-44 Tahun
#853,63,Female,Urban,55634.0,Fashion,15,6,93.0,1624.0,Home & Kitchen,544,20,False,55-64 Tahun
#854,51,Male,Urban,64602.0,Travel,27,1,44.0,3866.0,Health & Beauty,569,37,False,45-54 Tahun
#855,31,Female,Urban,134598.0,Sports,13,1,188.0,350.0,Home & Kitchen,166,48,False,25-34 Tahun
#856,43,Female,Urban,69334.0,Sports,7,8,123.0,1644.0,Health & Beauty,342,41,False,35-44 Tahun
#857,62,Male,Suburban,88648.0,Technology,5,6,155.0,178.0,Health & Beauty,482,7,False,55-64 Tahun
#858,44,Female,Urban,42054.0,Technology,17,2,119.0,3223.0,Electronics,19,14,False,35-44 Tahun
#859,26,Male,Urban,90028.0,Fashion,28,2,97.0,997.0,Apparel,184,11,False,25-34 Tahun
#860,43,Male,Suburban,42207.0,Sports,25,6,81.0,4976.0,Health & Beauty,545,7,False,35-44 Tahun
#861,64,Male,Suburban,100650.0,Technology,29,4,134.0,325.0,Health & Beauty,10,29,False,55-64 Tahun
#862,39,Female,Suburban,119821.0,Travel,16,9,39.0,1309.0,Electronics,592,10,True,35-44 Tahun
#863,64,Female,Urban,101554.0,Technology,23,5,181.0,4998.0,Apparel,192,29,False,55-64 Tahun
#864,47,Male,Rural,41386.0,Technology,2,7,62.0,4937.0,Books,320,9,True,45-54 Tahun
#865,60,Female,Rural,103276.0,Sports,22,8,147.0,2278.0,Books,580,36,False,55-64 Tahun
#866,34,Female,Suburban,79518.0,Sports,18,0,96.0,2779.0,Apparel,475,48,True,25-34 Tahun
#867,43,Male,Rural,72781.0,Food,17,2,189.0,2985.0,Home & Kitchen,427,10,True,35-44 Tahun
#868,53,Male,Suburban,72780.0,Travel,7,6,186.0,2906.0,Electronics,59,19,True,45-54 Tahun
#869,18,Female,Urban,81440.0,Sports,13,5,148.0,803.0,Apparel,436,31,False,18-24 Tahun
#870,25,Male,Rural,64199.0,Fashion,18,6,195.0,2644.0,Books,97,17,False,25-34 Tahun
#871,52,Female,Urban,81035.0,Travel,29,7,173.0,2470.0,Health & Beauty,496,9,False,45-54 Tahun
#872,32,Female,Rural,28210.0,Travel,14,5,170.0,3381.0,Books,278,45,False,25-34 Tahun
#873,64,Female,Urban,64363.0,Sports,18,2,184.0,4810.0,Health & Beauty,265,33,True,55-64 Tahun
#874,39,Female,Rural,131175.0,Travel,13,1,22.0,428.0,Electronics,9,34,False,35-44 Tahun
#875,31,Male,Urban,98279.0,Sports,11,6,49.0,4328.0,Health & Beauty,457,45,False,25-34 Tahun
#876,43,Male,Urban,80348.0,Technology,21,0,98.0,220.0,Apparel,273,24,False,35-44 Tahun
#877,45,Male,Rural,75284.0,Food,21,2,77.0,1064.0,Health & Beauty,8,9,False,45-54 Tahun
#878,40,Male,Urban,127628.0,Technology,16,3,51.0,4324.0,Home & Kitchen,208,7,False,35-44 Tahun
#879,31,Female,Urban,129835.0,Sports,23,0,156.0,3775.0,Apparel,123,16,False,25-34 Tahun
#880,41,Female,Urban,92124.0,Sports,17,4,103.0,2176.0,Electronics,33,19,False,35-44 Tahun
#881,19,Male,Rural,88847.0,Technology,8,9,28.0,432.0,Apparel,513,39,False,18-24 Tahun
#882,62,Female,Rural,42432.0,Fashion,19,2,195.0,3468.0,Home & Kitchen,204,6,True,55-64 Tahun
#883,43,Female,Urban,146252.0,Fashion,20,1,32.0,1416.0,Electronics,518,11,True,35-44 Tahun
#884,31,Female,Urban,84089.0,Fashion,15,2,63.0,1296.0,Books,517,12,False,25-34 Tahun
#885,24,Male,Rural,75398.0,Sports,9,7,74.0,3270.0,Home & Kitchen,443,42,False,18-24 Tahun
#886,20,Male,Rural,119291.0,Travel,20,5,149.0,1529.0,Electronics,592,13,False,18-24 Tahun
#887,64,Male,Urban,23321.0,Sports,10,6,33.0,455.0,Health & Beauty,339,12,False,55-64 Tahun
#888,40,Female,Urban,101348.0,Travel,12,5,43.0,4334.0,Apparel,438,21,True,35-44 Tahun
#889,63,Male,Urban,57383.0,Technology,21,5,62.0,1626.0,Electronics,445,10,True,55-64 Tahun
#890,60,Male,Suburban,133816.0,Food,23,2,145.0,3997.0,Apparel,136,20,False,55-64 Tahun
#891,64,Male,Rural,98682.0,Travel,20,7,27.0,128.0,Health & Beauty,387,36,True,55-64 Tahun
#892,62,Male,Suburban,143053.0,Fashion,1,6,66.0,1113.0,Electronics,25,28,True,55-64 Tahun
#893,35,Male,Rural,99190.0,Sports,25,6,121.0,2802.0,Books,506,24,False,35-44 Tahun
#894,55,Male,Rural,72893.0,Technology,20,5,14.0,927.0,Home & Kitchen,325,5,False,55-64 Tahun
#895,52,Female,Rural,55820.0,Fashion,9,4,163.0,4546.0,Electronics,338,37,False,45-54 Tahun
#896,32,Female,Rural,141262.0,Technology,22,9,167.0,2124.0,Health & Beauty,95,12,True,25-34 Tahun
#897,42,Male,Rural,86262.0,Food,15,7,191.0,398.0,Electronics,545,35,True,35-44 Tahun
#898,54,Male,Rural,23760.0,Sports,1,4,22.0,1965.0,Apparel,146,40,False,45-54 Tahun
#899,45,Female,Rural,42190.0,Sports,12,8,92.0,4116.0,Electronics,231,2,False,45-54 Tahun
#900,27,Female,Suburban,87411.0,Food,3,8,38.0,2211.0,Books,495,41,True,25-34 Tahun
#901,56,Male,Urban,43377.0,Sports,11,0,12.0,854.0,Electronics,38,45,True,55-64 Tahun
#902,34,Male,Urban,66737.0,Travel,2,5,99.0,869.0,Home & Kitchen,425,39,False,25-34 Tahun
#903,56,Male,Suburban,89569.0,Technology,16,6,113.0,3835.0,Electronics,437,42,True,55-64 Tahun
#904,39,Male,Suburban,58211.0,Fashion,9,2,132.0,1338.0,Apparel,368,9,False,35-44 Tahun
#905,43,Female,Suburban,102909.0,Food,15,6,195.0,2313.0,Electronics,345,22,False,35-44 Tahun
#906,61,Male,Suburban,23744.0,Travel,12,6,85.0,2006.0,Books,160,47,True,55-64 Tahun
#907,42,Male,Rural,145566.0,Fashion,1,1,139.0,1664.0,Health & Beauty,550,5,True,35-44 Tahun
#908,34,Male,Urban,44995.0,Fashion,13,6,117.0,1318.0,Electronics,541,12,True,25-34 Tahun
#909,30,Male,Rural,36977.0,Food,14,0,165.0,4701.0,Electronics,144,1,False,25-34 Tahun
#910,37,Female,Urban,149508.0,Travel,25,4,91.0,1457.0,Home & Kitchen,588,44,False,35-44 Tahun
#911,42,Female,Urban,117938.0,Fashion,25,8,86.0,3939.0,Books,576,22,False,35-44 Tahun
#912,21,Female,Suburban,54542.0,Fashion,8,6,11.0,1560.0,Health & Beauty,345,38,False,18-24 Tahun
#913,27,Male,Rural,30651.0,Travel,8,6,136.0,4085.0,Apparel,269,19,False,25-34 Tahun
#914,20,Male,Suburban,119239.0,Sports,27,1,144.0,1516.0,Electronics,268,16,False,18-24 Tahun
#915,58,Female,Rural,98931.0,Fashion,12,7,35.0,2953.0,Health & Beauty,169,31,True,55-64 Tahun
#916,62,Male,Urban,115344.0,Technology,1,2,97.0,4956.0,Apparel,33,3,False,55-64 Tahun
#917,35,Male,Suburban,122112.0,Travel,11,7,25.0,1528.0,Books,377,23,False,35-44 Tahun
#918,64,Female,Suburban,36715.0,Fashion,8,2,160.0,4478.0,Books,214,42,False,55-64 Tahun
#919,53,Female,Urban,64409.0,Food,10,9,177.0,4574.0,Health & Beauty,562,18,False,45-54 Tahun
#920,64,Female,Urban,44306.0,Technology,19,6,197.0,4393.0,Apparel,440,26,True,55-64 Tahun
#921,39,Female,Urban,39086.0,Fashion,11,1,82.0,3162.0,Books,492,13,False,35-44 Tahun
#922,51,Male,Suburban,34376.0,Technology,7,3,41.0,3171.0,Health & Beauty,393,18,True,45-54 Tahun
#923,64,Male,Rural,81350.0,Technology,11,5,24.0,655.0,Books,489,3,True,55-64 Tahun
#924,25,Female,Suburban,91425.0,Sports,17,8,150.0,455.0,Books,29,23,False,25-34 Tahun
#925,57,Male,Rural,123358.0,Technology,1,4,14.0,1663.0,Books,39,3,False,55-64 Tahun
#926,61,Female,Suburban,56636.0,Sports,26,8,83.0,3600.0,Home & Kitchen,173,25,True,55-64 Tahun
#927,36,Female,Suburban,106120.0,Travel,29,4,61.0,1140.0,Apparel,17,27,True,35-44 Tahun
#928,59,Male,Urban,134889.0,Sports,21,9,86.0,2786.0,Health & Beauty,56,44,False,55-64 Tahun
#929,58,Female,Rural,71649.0,Food,21,7,178.0,4574.0,Health & Beauty,226,27,True,55-64 Tahun
#930,54,Male,Suburban,54610.0,Fashion,8,0,190.0,4875.0,Apparel,558,39,False,45-54 Tahun
#931,23,Male,Suburban,30058.0,Travel,23,6,119.0,2653.0,Apparel,67,25,False,18-24 Tahun
#932,43,Male,Urban,144876.0,Travel,24,3,187.0,1879.0,Apparel,197,24,True,35-44 Tahun
#933,51,Male,Urban,148265.0,Food,6,4,152.0,175.0,Apparel,23,8,False,45-54 Tahun
#934,62,Female,Rural,94637.0,Sports,22,5,115.0,4426.0,Electronics,237,9,False,55-64 Tahun
#935,23,Male,Suburban,98033.0,Fashion,18,4,136.0,3419.0,Health & Beauty,566,46,False,18-24 Tahun
#936,54,Female,Rural,90194.0,Sports,6,0,16.0,2449.0,Electronics,138,37,True,45-54 Tahun
#937,50,Female,Suburban,96917.0,Technology,5,8,49.0,2873.0,Books,473,30,True,45-54 Tahun
#938,39,Female,Rural,84200.0,Sports,13,1,165.0,2362.0,Books,553,19,True,35-44 Tahun
#939,38,Female,Urban,125848.0,Travel,19,8,169.0,3329.0,Health & Beauty,229,16,False,35-44 Tahun
#940,23,Male,Suburban,126022.0,Fashion,22,9,108.0,2216.0,Books,317,24,True,18-24 Tahun
#941,23,Male,Rural,66619.0,Sports,8,1,152.0,492.0,Apparel,598,44,True,18-24 Tahun
#942,21,Female,Urban,37154.0,Fashion,9,8,94.0,1208.0,Electronics,561,21,True,18-24 Tahun
#943,47,Female,Urban,39539.0,Fashion,17,5,74.0,4462.0,Apparel,201,36,False,45-54 Tahun
#944,28,Male,Rural,145381.0,Technology,3,8,141.0,710.0,Books,258,40,False,25-34 Tahun
#945,47,Female,Suburban,80058.0,Technology,19,5,20.0,2875.0,Electronics,480,39,True,45-54 Tahun
#946,48,Male,Suburban,82068.0,Travel,11,5,117.0,4098.0,Apparel,178,47,True,45-54 Tahun
#947,41,Female,Urban,97313.0,Food,24,1,35.0,772.0,Health & Beauty,123,6,True,35-44 Tahun
#948,26,Male,Suburban,119932.0,Fashion,17,7,198.0,3777.0,Apparel,342,5,False,25-34 Tahun
#949,20,Female,Suburban,50373.0,Food,21,2,174.0,130.0,Books,171,14,True,18-24 Tahun
#950,48,Female,Suburban,53154.0,Travel,19,6,160.0,1500.0,Electronics,59,45,False,45-54 Tahun
#951,57,Male,Urban,26031.0,Fashion,2,4,94.0,4171.0,Health & Beauty,465,42,False,55-64 Tahun
#952,54,Female,Rural,113533.0,Fashion,8,2,177.0,716.0,Electronics,260,4,False,45-54 Tahun
#953,53,Female,Suburban,91975.0,Food,19,0,160.0,4734.0,Health & Beauty,373,8,True,45-54 Tahun
#954,41,Male,Urban,42785.0,Sports,7,7,132.0,2886.0,Electronics,95,24,True,35-44 Tahun
#955,48,Female,Urban,98928.0,Technology,28,2,153.0,970.0,Books,125,11,False,45-54 Tahun
#956,23,Male,Rural,138696.0,Sports,27,1,198.0,4296.0,Health & Beauty,41,17,False,18-24 Tahun
#957,19,Male,Suburban,48669.0,Food,17,0,77.0,3704.0,Home & Kitchen,254,21,False,18-24 Tahun
#958,37,Female,Suburban,114475.0,Technology,6,3,113.0,1512.0,Electronics,7,26,False,35-44 Tahun
#959,45,Female,Rural,137154.0,Sports,19,7,89.0,2839.0,Electronics,471,43,True,45-54 Tahun
#960,28,Female,Rural,22282.0,Technology,24,2,168.0,1040.0,Apparel,511,48,True,25-34 Tahun
#961,21,Female,Urban,54624.0,Fashion,6,0,62.0,440.0,Health & Beauty,581,44,False,18-24 Tahun
#962,32,Female,Urban,68438.0,Sports,28,3,115.0,3008.0,Home & Kitchen,69,45,False,25-34 Tahun
#963,23,Female,Rural,109900.0,Technology,2,8,162.0,4233.0,Books,81,27,False,18-24 Tahun
#964,47,Female,Suburban,87534.0,Technology,6,0,53.0,759.0,Apparel,542,16,True,45-54 Tahun
#965,55,Male,Urban,51705.0,Technology,23,1,149.0,2133.0,Home & Kitchen,585,26,False,55-64 Tahun
#966,19,Female,Urban,58244.0,Sports,5,8,99.0,1660.0,Health & Beauty,262,33,True,18-24 Tahun
#967,32,Male,Suburban,94964.0,Travel,19,1,110.0,3557.0,Home & Kitchen,89,31,False,25-34 Tahun
#968,28,Female,Urban,57437.0,Sports,20,2,106.0,1756.0,Electronics,208,48,True,25-34 Tahun
#969,25,Female,Suburban,97872.0,Food,4,6,18.0,3075.0,Electronics,213,47,True,25-34 Tahun
#970,43,Male,Suburban,94878.0,Sports,22,2,21.0,1149.0,Apparel,266,6,False,35-44 Tahun
#971,62,Female,Suburban,139006.0,Technology,26,8,78.0,553.0,Health & Beauty,293,44,True,55-64 Tahun
#972,61,Female,Rural,125368.0,Fashion,17,5,191.0,1804.0,Health & Beauty,207,8,True,55-64 Tahun
#973,22,Male,Rural,92982.0,Sports,11,2,191.0,2884.0,Home & Kitchen,333,7,True,18-24 Tahun
#974,23,Female,Rural,70583.0,Sports,4,8,37.0,918.0,Apparel,77,34,True,18-24 Tahun
#975,43,Female,Suburban,58392.0,Technology,26,0,65.0,4968.0,Health & Beauty,288,44,False,35-44 Tahun
#976,21,Female,Suburban,27461.0,Fashion,13,9,108.0,112.0,Electronics,47,14,False,18-24 Tahun
#977,36,Male,Rural,120123.0,Fashion,20,2,119.0,4079.0,Home & Kitchen,200,16,False,35-44 Tahun
#978,37,Female,Urban,30516.0,Food,26,0,86.0,1020.0,Books,427,43,False,35-44 Tahun
#979,50,Female,Suburban,99285.0,Sports,17,1,112.0,2518.0,Electronics,210,9,False,45-54 Tahun
#980,37,Female,Urban,37514.0,Fashion,9,7,115.0,1414.0,Apparel,420,10,True,35-44 Tahun
#981,29,Female,Urban,148657.0,Fashion,4,6,118.0,3777.0,Health & Beauty,154,17,True,25-34 Tahun
#982,64,Male,Suburban,141251.0,Travel,23,1,121.0,2117.0,Electronics,522,12,True,55-64 Tahun
#983,18,Male,Suburban,120962.0,Travel,28,1,67.0,1328.0,Books,415,6,True,18-24 Tahun
#984,43,Female,Urban,56268.0,Fashion,14,8,87.0,4892.0,Books,353,19,False,35-44 Tahun
#985,31,Female,Urban,110486.0,Food,19,5,84.0,2534.0,Apparel,157,43,False,25-34 Tahun
#986,55,Male,Rural,120424.0,Fashion,26,4,51.0,2968.0,Electronics,261,41,True,55-64 Tahun
#987,54,Male,Rural,56788.0,Technology,28,9,175.0,2615.0,Home & Kitchen,77,29,False,45-54 Tahun
#988,28,Female,Suburban,95749.0,Sports,3,5,77.0,1538.0,Electronics,488,6,True,25-34 Tahun
#989,53,Male,Rural,81049.0,Food,14,8,190.0,4264.0,Books,131,25,True,45-54 Tahun
#990,30,Female,Rural,82493.0,Technology,8,6,42.0,3643.0,Apparel,579,24,False,25-34 Tahun
#991,60,Male,Rural,56027.0,Food,24,9,80.0,3275.0,Apparel,455,25,False,55-64 Tahun
#992,20,Male,Rural,113547.0,Technology,27,9,65.0,1881.0,Home & Kitchen,163,16,False,18-24 Tahun
#993,50,Male,Urban,62849.0,Sports,28,8,114.0,2363.0,Apparel,15,16,False,45-54 Tahun
#994,23,Male,Suburban,120127.0,Sports,1,3,110.0,2069.0,Apparel,232,6,False,18-24 Tahun
#995,27,Female,Rural,37858.0,Travel,10,1,60.0,311.0,Apparel,195,37,False,25-34 Tahun
#996,22,Male,Urban,104162.0,Technology,18,7,83.0,607.0,Apparel,542,21,False,18-24 Tahun
#997,40,Male,Urban,99003.0,Travel,16,3,180.0,431.0,Apparel,359,4,True,35-44 Tahun
#998,27,Female,Urban,72395.0,Technology,8,8,130.0,650.0,Books,331,34,False,25-34 Tahun
#999,61,Male,Rural,59758.0,Travel,1,3,152.0,1041.0,Electronics,427,28,True,55-64 Tahun
#1000,19,Male,Rural,74312.0,Sports,12,7,175.0,827.0,Health & Beauty,497,38,True,18-24 Tahun
